id,time_stamp,symbol,quote_count,trade_count,open_px,close_px,high_px,low_px,created,modified
1,2013-07-19 08:47:00.000458+01,LFZ,304,24,6387.0000000000,6386.5000000000,6387.0000000000,6386.0000000000,2014-08-23 11:48:00.000188+01,2014-08-23 11:48:00.000188+01
2,2013-07-19 08:47:00.000458+01,EUR/GBP,69,1,0.8422500000,0.8422500000,0.8422500000,0.8422500000,2014-08-23 11:48:00.000188+01,2014-08-23 11:48:00.000188+01
3,2013-07-19 08:48:00.000188+01,6A,705,39,1.0296000000,1.0295000000,1.0297000000,1.0295000000,2014-08-23 11:48:00.000188+01,2014-08-23 11:48:00.000188+01
4,2013-07-19 08:48:00.000188+01,FDAX,1105,44,7859.0000000000,7861.5000000000,7862.0000000000,7859.0000000000,2014-08-23 11:48:00.000188+01,2014-08-23 11:48:00.000188+01
5,2013-07-19 08:48:00.000188+01,LFZ,250,26,6386.5000000000,6387.5000000000,6388.0000000000,6386.5000000000,2014-08-23 11:48:00.000188+01,2014-08-23 11:48:00.000188+01
6,2013-07-19 08:48:00.000188+01,EUR/GBP,149,2,0.8423500000,0.8424500000,0.8424500000,0.8423500000,2014-08-23 11:48:00.000188+01,2014-08-23 11:48:00.000188+01
7,2013-07-19 08:49:00.000458+01,6A,404,19,1.0295000000,1.0295000000,1.0296000000,1.0295000000,2014-08-23 11:48:00.000188+01,2014-08-23 11:48:00.000188+01
8,2013-07-19 08:49:00.000458+01,FDAX,432,22,7861.5000000000,7862.5000000000,7863.5000000000,7861.5000000000,2014-08-23 11:48:00.000188+01,2014-08-23 11:48:00.000188+01
9,2013-07-19 08:49:00.000458+01,LFZ,169,13,6388.0000000000,6389.5000000000,6389.5000000000,6388.0000000000,2014-08-23 11:48:00.000188+01,2014-08-23 11:48:00.000188+01
10,2013-07-19 08:49:00.000458+01,EUR/GBP,135,2,0.8427000000,0.8426500000,0.8427000000,0.8426500000,2014-08-23 11:48:00.000188+01,2014-08-23 11:48:00.000188+01
11,2013-07-19 08:50:00.000456+01,6A,537,27,1.0295000000,1.0294000000,1.0295000000,1.0294000000,2014-08-23 11:48:00.000188+01,2014-08-23 11:48:00.000188+01
12,2013-07-19 08:50:00.000456+01,FDAX,966,57,7863.5000000000,7860.5000000000,7863.5000000000,7858.5000000000,2014-08-23 11:48:00.000188+01,2014-08-23 11:48:00.000188+01
13,2013-07-19 08:50:00.000456+01,LFZ,266,11,6389.5000000000,6388.0000000000,6389.5000000000,6388.0000000000,2014-08-23 11:48:00.000188+01,2014-08-23 11:48:00.000188+01
14,2013-07-19 08:50:00.000456+01,EUR/GBP,80,0,0.8426750000,0.8426750000,0.8426750000,0.8426750000,2014-08-23 11:48:00.000188+01,2014-08-23 11:48:00.000188+01
15,2013-07-19 08:51:00.000545+01,6A,781,131,1.0294000000,1.0293000000,1.0295000000,1.0293000000,2014-08-23 11:48:00.000188+01,2014-08-23 11:48:00.000188+01
16,2013-07-19 08:51:00.000545+01,FDAX,930,40,7861.0000000000,7861.5000000000,7863.0000000000,7859.5000000000,2014-08-23 11:48:00.000188+01,2014-08-23 11:48:00.000188+01
17,2013-07-19 08:51:00.000545+01,LFZ,269,15,6388.0000000000,6390.0000000000,6390.0000000000,6387.5000000000,2014-08-23 11:48:00.000188+01,2014-08-23 11:48:00.000188+01
18,2013-07-19 08:51:00.000545+01,EUR/GBP,102,1,0.8428000000,0.8428000000,0.8428000000,0.8428000000,2014-08-23 11:48:00.000188+01,2014-08-23 11:48:00.000188+01
19,2013-07-19 08:52:00.000428+01,6A,562,26,1.0294000000,1.0293000000,1.0294000000,1.0292000000,2014-08-23 11:48:00.000188+01,2014-08-23 11:48:00.000188+01
20,2013-07-19 08:52:00.000428+01,FDAX,744,16,7861.0000000000,7863.5000000000,7863.5000000000,7860.5000000000,2014-08-23 11:48:00.000188+01,2014-08-23 11:48:00.000188+01
21,2013-07-19 08:52:00.000428+01,LFZ,292,17,6390.0000000000,6391.5000000000,6391.5000000000,6389.0000000000,2014-08-23 11:48:00.000188+01,2014-08-23 11:48:00.000188+01
22,2013-07-19 08:52:00.000428+01,EUR/GBP,108,2,0.8426500000,0.8426000000,0.8426500000,0.8426000000,2014-08-23 11:48:00.000188+01,2014-08-23 11:48:00.000188+01
23,2013-07-19 08:53:00.000428+01,6A,281,11,1.0293000000,1.0293000000,1.0293000000,1.0293000000,2014-08-23 11:48:00.000188+01,2014-08-23 11:48:00.000188+01
24,2013-07-19 08:53:00.000428+01,FDAX,1655,126,7863.5000000000,7868.0000000000,7869.0000000000,7862.0000000000,2014-08-23 11:48:00.000188+01,2014-08-23 11:48:00.000188+01
25,2013-07-19 08:53:00.000428+01,LFZ,431,30,6392.0000000000,6393.0000000000,6394.0000000000,6391.5000000000,2014-08-23 11:48:00.000188+01,2014-08-23 11:48:00.000188+01
26,2013-07-19 08:53:00.000428+01,EUR/GBP,95,0,0.8426250000,0.8426250000,0.8426250000,0.8426250000,2014-08-23 11:48:00.000188+01,2014-08-23 11:48:00.000188+01
27,2013-07-19 08:54:00.000541+01,6A,536,81,1.0293000000,1.0292000000,1.0293000000,1.0291000000,2014-08-23 11:48:00.000188+01,2014-08-23 11:48:00.000188+01
28,2013-07-19 08:54:00.000541+01,FDAX,1676,88,7867.5000000000,7866.5000000000,7869.0000000000,7864.0000000000,2014-08-23 11:48:00.000188+01,2014-08-23 11:48:00.000188+01
29,2013-07-19 08:54:00.000541+01,LFZ,584,34,6392.5000000000,6391.0000000000,6393.5000000000,6390.0000000000,2014-08-23 11:48:00.000188+01,2014-08-23 11:48:00.000188+01
30,2013-07-19 08:54:00.000541+01,EUR/GBP,62,2,0.8427500000,0.8427500000,0.8427500000,0.8427500000,2014-08-23 11:48:00.000188+01,2014-08-23 11:48:00.000188+01
31,2013-07-19 08:55:00.000336+01,6A,88,4,1.0293000000,1.0293000000,1.0293000000,1.0293000000,2014-08-23 11:48:00.000188+01,2014-08-23 11:48:00.000188+01
32,2013-07-19 08:55:00.000336+01,FDAX,704,40,7866.0000000000,7863.0000000000,7866.0000000000,7863.0000000000,2014-08-23 11:48:00.000188+01,2014-08-23 11:48:00.000188+01
33,2013-07-19 08:55:00.000336+01,LFZ,219,17,6390.5000000000,6389.0000000000,6390.5000000000,6389.0000000000,2014-08-23 11:48:00.000188+01,2014-08-23 11:48:00.000188+01
34,2013-07-19 08:55:00.000336+01,EUR/GBP,48,3,0.8427500000,0.8428000000,0.8428000000,0.8427500000,2014-08-23 11:48:00.000188+01,2014-08-23 11:48:00.000188+01
35,2013-07-19 08:56:00.000252+01,6A,293,10,1.0293000000,1.0293000000,1.0293000000,1.0293000000,2014-08-23 11:48:00.000188+01,2014-08-23 11:48:00.000188+01
36,2013-07-19 08:56:00.000252+01,FDAX,749,34,7862.5000000000,7863.5000000000,7864.5000000000,7862.5000000000,2014-08-23 11:48:00.000188+01,2014-08-23 11:48:00.000188+01
37,2013-07-19 08:56:00.000252+01,LFZ,311,16,6388.5000000000,6390.5000000000,6391.0000000000,6388.5000000000,2014-08-23 11:48:00.000188+01,2014-08-23 11:48:00.000188+01
38,2013-07-19 08:56:00.000252+01,EUR/GBP,111,5,0.8428000000,0.8428500000,0.8429000000,0.8427500000,2014-08-23 11:48:00.000188+01,2014-08-23 11:48:00.000188+01
39,2013-07-19 08:57:00.00004+01,6A,383,28,1.0294000000,1.0294000000,1.0295000000,1.0294000000,2014-08-23 11:48:00.000188+01,2014-08-23 11:48:00.000188+01
40,2013-07-19 08:57:00.00004+01,FDAX,576,14,7864.5000000000,7866.0000000000,7866.0000000000,7864.5000000000,2014-08-23 11:48:00.000188+01,2014-08-23 11:48:00.000188+01
41,2013-07-19 08:57:00.00004+01,LFZ,159,5,6391.0000000000,6391.0000000000,6391.0000000000,6390.5000000000,2014-08-23 11:48:00.000188+01,2014-08-23 11:48:00.000188+01
42,2013-07-19 08:57:00.00004+01,EUR/GBP,70,0,0.8429750000,0.8429750000,0.8429750000,0.8429750000,2014-08-23 11:48:00.000188+01,2014-08-23 11:48:00.000188+01
43,2013-07-19 08:58:00.000534+01,6A,200,12,1.0295000000,1.0296000000,1.0296000000,1.0295000000,2014-08-23 11:48:00.000188+01,2014-08-23 11:48:00.000188+01
44,2013-07-19 08:58:00.000534+01,FDAX,306,16,7866.0000000000,7867.5000000000,7867.5000000000,7865.0000000000,2014-08-23 11:48:00.000188+01,2014-08-23 11:48:00.000188+01
45,2013-07-19 08:58:00.000534+01,LFZ,70,1,6391.5000000000,6391.5000000000,6391.5000000000,6391.5000000000,2014-08-23 11:48:00.000188+01,2014-08-23 11:48:00.000188+01
46,2013-07-19 08:58:00.000534+01,EUR/GBP,94,4,0.8431000000,0.8430500000,0.8431000000,0.8430500000,2014-08-23 11:48:00.000188+01,2014-08-23 11:48:00.000188+01
47,2013-07-19 08:59:00.00054+01,6A,391,22,1.0295000000,1.0296000000,1.0296000000,1.0294000000,2014-08-23 11:48:00.000188+01,2014-08-23 11:48:00.000188+01
48,2013-07-19 08:59:00.00054+01,FDAX,1201,69,7867.0000000000,7870.0000000000,7870.5000000000,7867.0000000000,2014-08-23 11:48:00.000188+01,2014-08-23 11:48:00.000188+01
49,2013-07-19 08:59:00.00054+01,LFZ,311,35,6391.5000000000,6392.0000000000,6392.5000000000,6391.0000000000,2014-08-23 11:48:00.000188+01,2014-08-23 11:48:00.000188+01
50,2013-07-19 08:59:00.00054+01,EUR/GBP,167,2,0.8432500000,0.8431000000,0.8432500000,0.8431000000,2014-08-23 11:48:00.000188+01,2014-08-23 11:48:00.000188+01
51,2013-07-19 09:00:00.000428+01,6A,721,52,1.0296000000,1.0297000000,1.0297000000,1.0296000000,2014-08-23 11:48:00.000188+01,2014-08-23 11:48:00.000188+01
52,2013-07-19 09:00:00.000428+01,FDAX,1452,101,7871.0000000000,7871.0000000000,7872.0000000000,7868.5000000000,2014-08-23 11:48:00.000188+01,2014-08-23 11:48:00.000188+01
53,2013-07-19 09:00:00.000428+01,LFZ,372,40,6392.0000000000,6391.0000000000,6392.0000000000,6389.5000000000,2014-08-23 11:48:00.000188+01,2014-08-23 11:48:00.000188+01
54,2013-07-19 09:00:00.000428+01,EUR/GBP,280,1,0.8432000000,0.8432000000,0.8432000000,0.8432000000,2014-08-23 11:48:00.000188+01,2014-08-23 11:48:00.000188+01
55,2013-07-19 09:01:00.00046+01,6A,806,82,1.0297000000,1.0297000000,1.0298000000,1.0297000000,2014-08-23 11:48:00.000188+01,2014-08-23 11:48:00.000188+01
56,2013-07-19 09:01:00.00046+01,FDAX,1171,70,7871.0000000000,7866.5000000000,7871.5000000000,7866.5000000000,2014-08-23 11:48:00.000188+01,2014-08-23 11:48:00.000188+01
57,2013-07-19 09:01:00.00046+01,LFZ,370,23,6391.0000000000,6389.0000000000,6391.0000000000,6388.0000000000,2014-08-23 11:48:00.000188+01,2014-08-23 11:48:00.000188+01
58,2013-07-19 09:01:00.00046+01,EUR/GBP,197,1,0.8432000000,0.8432000000,0.8432000000,0.8432000000,2014-08-23 11:48:00.000188+01,2014-08-23 11:48:00.000188+01
59,2013-07-19 09:02:00.000314+01,6A,577,41,1.0297000000,1.0296000000,1.0298000000,1.0296000000,2014-08-23 11:48:00.000188+01,2014-08-23 11:48:00.000188+01
60,2013-07-19 09:02:00.000314+01,FDAX,1097,76,7867.0000000000,7862.0000000000,7867.0000000000,7861.5000000000,2014-08-23 11:48:00.000188+01,2014-08-23 11:48:00.000188+01
61,2013-07-19 09:02:00.000314+01,LFZ,297,27,6388.5000000000,6386.5000000000,6388.5000000000,6386.5000000000,2014-08-23 11:48:00.000188+01,2014-08-23 11:48:00.000188+01
62,2013-07-19 09:02:00.000314+01,EUR/GBP,202,9,0.8431000000,0.8432000000,0.8432000000,0.8431000000,2014-08-23 11:48:00.000188+01,2014-08-23 11:48:00.000188+01
63,2013-07-19 09:03:00.00054+01,6A,461,20,1.0297000000,1.0297000000,1.0297000000,1.0297000000,2014-08-23 11:48:00.000188+01,2014-08-23 11:48:00.000188+01
64,2013-07-19 09:03:00.00054+01,FDAX,927,53,7862.0000000000,7863.0000000000,7865.0000000000,7861.5000000000,2014-08-23 11:48:00.000188+01,2014-08-23 11:48:00.000188+01
65,2013-07-19 09:03:00.00054+01,LFZ,342,26,6387.0000000000,6388.5000000000,6389.5000000000,6387.0000000000,2014-08-23 11:48:00.000188+01,2014-08-23 11:48:00.000188+01
66,2013-07-19 09:03:00.00054+01,EUR/GBP,151,9,0.8432000000,0.8432000000,0.8432000000,0.8432000000,2014-08-23 11:48:00.000188+01,2014-08-23 11:48:00.000188+01
67,2013-07-19 09:04:00.000535+01,6A,343,21,1.0297000000,1.0297000000,1.0297000000,1.0296000000,2014-08-23 11:48:00.000188+01,2014-08-23 11:48:00.000188+01
68,2013-07-19 09:04:00.000535+01,FDAX,758,45,7862.5000000000,7860.5000000000,7863.0000000000,7858.5000000000,2014-08-23 11:48:00.000188+01,2014-08-23 11:48:00.000188+01
69,2013-07-19 09:04:00.000535+01,LFZ,248,17,6388.0000000000,6388.0000000000,6388.0000000000,6387.0000000000,2014-08-23 11:48:00.000188+01,2014-08-23 11:48:00.000188+01
70,2013-07-19 09:04:00.000535+01,EUR/GBP,78,0,0.8430750000,0.8430750000,0.8430750000,0.8430750000,2014-08-23 11:48:00.000188+01,2014-08-23 11:48:00.000188+01
71,2013-07-19 09:05:00.000546+01,6A,910,63,1.0296000000,1.0295000000,1.0296000000,1.0295000000,2014-08-23 11:48:00.000188+01,2014-08-23 11:48:00.000188+01
72,2013-07-19 09:05:00.000546+01,FDAX,2899,364,7860.0000000000,7850.0000000000,7860.5000000000,7845.0000000000,2014-08-23 11:48:00.000188+01,2014-08-23 11:48:00.000188+01
73,2013-07-19 09:05:00.000546+01,LFZ,750,76,6388.0000000000,6384.5000000000,6388.0000000000,6383.5000000000,2014-08-23 11:48:00.000188+01,2014-08-23 11:48:00.000188+01
74,2013-07-19 09:05:00.000546+01,EUR/GBP,171,3,0.8431000000,0.8429000000,0.8431000000,0.8429000000,2014-08-23 11:48:00.000188+01,2014-08-23 11:48:00.000188+01
75,2013-07-19 09:06:00.000544+01,6A,773,139,1.0294000000,1.0297000000,1.0297000000,1.0294000000,2014-08-23 11:48:00.000188+01,2014-08-23 11:48:00.000188+01
76,2013-07-19 09:06:00.000544+01,FDAX,1710,104,7850.5000000000,7847.5000000000,7850.5000000000,7846.0000000000,2014-08-23 11:48:00.000188+01,2014-08-23 11:48:00.000188+01
77,2013-07-19 09:06:00.000544+01,LFZ,408,29,6384.5000000000,6384.5000000000,6385.0000000000,6384.0000000000,2014-08-23 11:48:00.000188+01,2014-08-23 11:48:00.000188+01
78,2013-07-19 09:06:00.000544+01,EUR/GBP,116,0,0.8429000000,0.8429000000,0.8429000000,0.8429000000,2014-08-23 11:48:00.000188+01,2014-08-23 11:48:00.000188+01
79,2013-07-19 09:07:00.000455+01,6A,541,41,1.0298000000,1.0299000000,1.0299000000,1.0298000000,2014-08-23 11:48:00.000188+01,2014-08-23 11:48:00.000188+01
80,2013-07-19 09:07:00.000455+01,FDAX,1157,83,7847.0000000000,7850.5000000000,7852.5000000000,7847.0000000000,2014-08-23 11:48:00.000188+01,2014-08-23 11:48:00.000188+01
81,2013-07-19 09:07:00.000455+01,LFZ,277,20,6384.5000000000,6385.5000000000,6386.0000000000,6384.5000000000,2014-08-23 11:48:00.000188+01,2014-08-23 11:48:00.000188+01
82,2013-07-19 09:07:00.000455+01,EUR/GBP,349,8,0.8429000000,0.8433000000,0.8433000000,0.8429000000,2014-08-23 11:48:00.000188+01,2014-08-23 11:48:00.000188+01
83,2013-07-19 09:08:00.000085+01,6A,287,23,1.0299000000,1.0300000000,1.0300000000,1.0299000000,2014-08-23 11:48:00.000188+01,2014-08-23 11:48:00.000188+01
84,2013-07-19 09:08:00.000085+01,FDAX,545,28,7851.0000000000,7852.5000000000,7853.0000000000,7850.5000000000,2014-08-23 11:48:00.000188+01,2014-08-23 11:48:00.000188+01
85,2013-07-19 09:08:00.000085+01,LFZ,185,11,6385.0000000000,6385.0000000000,6385.0000000000,6384.5000000000,2014-08-23 11:48:00.000188+01,2014-08-23 11:48:00.000188+01
86,2013-07-19 09:08:00.000085+01,EUR/GBP,128,0,0.8432000000,0.8432000000,0.8432000000,0.8432000000,2014-08-23 11:48:00.000188+01,2014-08-23 11:48:00.000188+01
87,2013-07-19 09:09:00.000553+01,6A,747,68,1.0300000000,1.0299000000,1.0301000000,1.0299000000,2014-08-23 11:48:00.000188+01,2014-08-23 11:48:00.000188+01
88,2013-07-19 09:09:00.000553+01,FDAX,911,41,7853.0000000000,7851.5000000000,7853.5000000000,7850.0000000000,2014-08-23 11:48:00.000188+01,2014-08-23 11:48:00.000188+01
89,2013-07-19 09:09:00.000553+01,LFZ,327,20,6385.5000000000,6384.5000000000,6385.5000000000,6384.0000000000,2014-08-23 11:48:00.000188+01,2014-08-23 11:48:00.000188+01
90,2013-07-19 09:09:00.000553+01,EUR/GBP,202,5,0.8433000000,0.8433000000,0.8433000000,0.8433000000,2014-08-23 11:48:00.000188+01,2014-08-23 11:48:00.000188+01
91,2013-07-19 09:10:00.000431+01,6A,163,5,1.0300000000,1.0300000000,1.0300000000,1.0299000000,2014-08-23 11:48:00.000188+01,2014-08-23 11:48:00.000188+01
92,2013-07-19 09:10:00.000431+01,FDAX,908,70,7852.0000000000,7847.5000000000,7852.0000000000,7847.0000000000,2014-08-23 11:48:00.000188+01,2014-08-23 11:48:00.000188+01
93,2013-07-19 09:10:00.000431+01,LFZ,249,18,6384.5000000000,6385.0000000000,6385.5000000000,6384.5000000000,2014-08-23 11:48:00.000188+01,2014-08-23 11:48:00.000188+01
94,2013-07-19 09:10:00.000431+01,EUR/GBP,139,1,0.8432000000,0.8432000000,0.8432000000,0.8432000000,2014-08-23 11:48:00.000188+01,2014-08-23 11:48:00.000188+01
95,2013-07-19 09:11:00.000428+01,6A,376,32,1.0299000000,1.0299000000,1.0299000000,1.0298000000,2014-08-23 11:48:00.000188+01,2014-08-23 11:48:00.000188+01
96,2013-07-19 09:11:00.000428+01,FDAX,943,88,7847.5000000000,7846.5000000000,7847.5000000000,7845.0000000000,2014-08-23 11:48:00.000188+01,2014-08-23 11:48:00.000188+01
97,2013-07-19 09:11:00.000428+01,LFZ,191,19,6385.5000000000,6385.0000000000,6386.5000000000,6384.5000000000,2014-08-23 11:48:00.000188+01,2014-08-23 11:48:00.000188+01
98,2013-07-19 09:11:00.000428+01,EUR/GBP,106,5,0.8430000000,0.8429500000,0.8430000000,0.8429500000,2014-08-23 11:48:00.000188+01,2014-08-23 11:48:00.000188+01
99,2013-07-19 09:12:00.000548+01,6A,434,42,1.0300000000,1.0300000000,1.0300000000,1.0299000000,2014-08-23 11:48:00.000188+01,2014-08-23 11:48:00.000188+01
100,2013-07-19 09:12:00.000548+01,FDAX,889,44,7847.0000000000,7847.5000000000,7848.5000000000,7846.5000000000,2014-08-23 11:48:00.000188+01,2014-08-23 11:48:00.000188+01
101,2013-07-19 09:12:00.000548+01,LFZ,296,18,6385.5000000000,6385.5000000000,6386.5000000000,6385.5000000000,2014-08-23 11:48:00.000188+01,2014-08-23 11:48:00.000188+01
102,2013-07-19 09:12:00.000548+01,EUR/GBP,108,0,0.8430000000,0.8430000000,0.8430000000,0.8430000000,2014-08-23 11:48:00.000188+01,2014-08-23 11:48:00.000188+01
103,2013-07-19 09:13:00.000338+01,6A,269,10,1.0300000000,1.0300000000,1.0300000000,1.0300000000,2014-08-23 11:48:00.000188+01,2014-08-23 11:48:00.000188+01
104,2013-07-19 09:13:00.000338+01,FDAX,569,30,7847.5000000000,7849.0000000000,7849.5000000000,7847.5000000000,2014-08-23 11:48:00.000188+01,2014-08-23 11:48:00.000188+01
105,2013-07-19 09:13:00.000338+01,LFZ,105,8,6385.5000000000,6386.5000000000,6386.5000000000,6385.5000000000,2014-08-23 11:48:00.000188+01,2014-08-23 11:48:00.000188+01
106,2013-07-19 09:13:00.000338+01,EUR/GBP,134,0,0.8429250000,0.8429250000,0.8429250000,0.8429250000,2014-08-23 11:48:00.000188+01,2014-08-23 11:48:00.000188+01
107,2013-07-19 09:14:00.000429+01,6A,281,3,1.0299000000,1.0299000000,1.0299000000,1.0299000000,2014-08-23 11:48:00.000188+01,2014-08-23 11:48:00.000188+01
108,2013-07-19 09:14:00.000429+01,FDAX,704,42,7849.0000000000,7847.0000000000,7849.5000000000,7846.0000000000,2014-08-23 11:48:00.000188+01,2014-08-23 11:48:00.000188+01
109,2013-07-19 09:14:00.000429+01,LFZ,237,9,6386.0000000000,6384.5000000000,6386.0000000000,6384.5000000000,2014-08-23 11:48:00.000188+01,2014-08-23 11:48:00.000188+01
110,2013-07-19 09:14:00.000429+01,EUR/GBP,154,2,0.8431500000,0.8431000000,0.8431500000,0.8431000000,2014-08-23 11:48:00.000188+01,2014-08-23 11:48:00.000188+01
111,2013-07-19 09:15:00.000547+01,6A,244,15,1.0300000000,1.0300000000,1.0300000000,1.0300000000,2014-08-23 11:48:00.000188+01,2014-08-23 11:48:00.000188+01
112,2013-07-19 09:15:00.000547+01,FDAX,709,29,7847.5000000000,7849.0000000000,7849.5000000000,7847.0000000000,2014-08-23 11:48:00.000188+01,2014-08-23 11:48:00.000188+01
113,2013-07-19 09:15:00.000547+01,LFZ,179,14,6385.0000000000,6384.5000000000,6385.0000000000,6384.5000000000,2014-08-23 11:48:00.000188+01,2014-08-23 11:48:00.000188+01
114,2013-07-19 09:15:00.000547+01,EUR/GBP,108,0,0.8430750000,0.8430750000,0.8430750000,0.8430750000,2014-08-23 11:48:00.000188+01,2014-08-23 11:48:00.000188+01
115,2013-07-19 09:16:00.000558+01,6A,388,19,1.0300000000,1.0298000000,1.0300000000,1.0298000000,2014-08-23 11:48:00.000188+01,2014-08-23 11:48:00.000188+01
116,2013-07-19 09:16:00.000558+01,FDAX,557,33,7848.5000000000,7847.5000000000,7849.5000000000,7847.5000000000,2014-08-23 11:48:00.000188+01,2014-08-23 11:48:00.000188+01
117,2013-07-19 09:16:00.000558+01,LFZ,156,7,6384.0000000000,6384.0000000000,6385.0000000000,6384.0000000000,2014-08-23 11:48:00.000188+01,2014-08-23 11:48:00.000188+01
118,2013-07-19 09:16:00.000558+01,EUR/GBP,113,0,0.8432500000,0.8432500000,0.8432500000,0.8432500000,2014-08-23 11:48:00.000188+01,2014-08-23 11:48:00.000188+01
119,2013-07-19 09:17:00.000547+01,6A,244,11,1.0298000000,1.0298000000,1.0298000000,1.0297000000,2014-08-23 11:48:00.000188+01,2014-08-23 11:48:00.000188+01
120,2013-07-19 09:17:00.000547+01,FDAX,513,20,7847.5000000000,7847.5000000000,7848.5000000000,7847.0000000000,2014-08-23 11:48:00.000188+01,2014-08-23 11:48:00.000188+01
121,2013-07-19 09:17:00.000547+01,LFZ,100,5,6384.0000000000,6384.5000000000,6384.5000000000,6384.0000000000,2014-08-23 11:48:00.000188+01,2014-08-23 11:48:00.000188+01
122,2013-07-19 09:17:00.000547+01,EUR/GBP,147,2,0.8431000000,0.8430000000,0.8431000000,0.8430000000,2014-08-23 11:48:00.000188+01,2014-08-23 11:48:00.000188+01
123,2013-07-19 09:18:00.000427+01,6A,669,55,1.0297000000,1.0298000000,1.0298000000,1.0296000000,2014-08-23 11:48:00.000188+01,2014-08-23 11:48:00.000188+01
124,2013-07-19 09:18:00.000427+01,FDAX,977,63,7847.0000000000,7851.0000000000,7852.0000000000,7847.0000000000,2014-08-23 11:48:00.000188+01,2014-08-23 11:48:00.000188+01
125,2013-07-19 09:18:00.000427+01,LFZ,324,20,6384.5000000000,6386.0000000000,6386.0000000000,6384.0000000000,2014-08-23 11:48:00.000188+01,2014-08-23 11:48:00.000188+01
126,2013-07-19 09:18:00.000427+01,EUR/GBP,115,1,0.8428500000,0.8428500000,0.8428500000,0.8428500000,2014-08-23 11:48:00.000188+01,2014-08-23 11:48:00.000188+01
127,2013-07-19 09:19:00.00018+01,6A,446,36,1.0298000000,1.0298000000,1.0299000000,1.0298000000,2014-08-23 11:48:00.000188+01,2014-08-23 11:48:00.000188+01
128,2013-07-19 09:19:00.00018+01,FDAX,577,58,7851.5000000000,7854.0000000000,7854.0000000000,7851.0000000000,2014-08-23 11:48:00.000188+01,2014-08-23 11:48:00.000188+01
129,2013-07-19 09:19:00.00018+01,LFZ,198,13,6386.0000000000,6386.0000000000,6386.5000000000,6385.5000000000,2014-08-23 11:48:00.000188+01,2014-08-23 11:48:00.000188+01
130,2013-07-19 09:19:00.00018+01,EUR/GBP,53,0,0.8428750000,0.8428750000,0.8428750000,0.8428750000,2014-08-23 11:48:00.000188+01,2014-08-23 11:48:00.000188+01
131,2013-07-19 09:20:00.000457+01,6A,471,40,1.0297000000,1.0296000000,1.0298000000,1.0296000000,2014-08-23 11:48:00.000188+01,2014-08-23 11:48:00.000188+01
132,2013-07-19 09:20:00.000457+01,FDAX,972,39,7853.0000000000,7852.5000000000,7853.0000000000,7850.5000000000,2014-08-23 11:48:00.000188+01,2014-08-23 11:48:00.000188+01
133,2013-07-19 09:20:00.000457+01,LFZ,437,43,6385.5000000000,6386.0000000000,6387.5000000000,6385.5000000000,2014-08-23 11:48:00.000188+01,2014-08-23 11:48:00.000188+01
134,2013-07-19 09:20:00.000457+01,EUR/GBP,42,1,0.8429000000,0.8429000000,0.8429000000,0.8429000000,2014-08-23 11:48:00.000188+01,2014-08-23 11:48:00.000188+01
135,2013-07-19 09:21:00.000428+01,6A,349,13,1.0296000000,1.0297000000,1.0297000000,1.0296000000,2014-08-23 11:48:00.000188+01,2014-08-23 11:48:00.000188+01
136,2013-07-19 09:21:00.000428+01,FDAX,776,32,7852.5000000000,7851.0000000000,7853.5000000000,7851.0000000000,2014-08-23 11:48:00.000188+01,2014-08-23 11:48:00.000188+01
137,2013-07-19 09:21:00.000428+01,LFZ,178,7,6385.5000000000,6384.5000000000,6386.0000000000,6384.5000000000,2014-08-23 11:48:00.000188+01,2014-08-23 11:48:00.000188+01
138,2013-07-19 09:21:00.000428+01,EUR/GBP,180,5,0.8428000000,0.8428500000,0.8429000000,0.8427500000,2014-08-23 11:48:00.000188+01,2014-08-23 11:48:00.000188+01
139,2013-07-19 09:22:00.000467+01,6A,426,45,1.0296000000,1.0297000000,1.0297000000,1.0296000000,2014-08-23 11:48:00.000188+01,2014-08-23 11:48:00.000188+01
140,2013-07-19 09:22:00.000467+01,FDAX,984,68,7851.5000000000,7854.5000000000,7856.0000000000,7851.5000000000,2014-08-23 11:48:00.000188+01,2014-08-23 11:48:00.000188+01
141,2013-07-19 09:22:00.000467+01,LFZ,355,30,6384.5000000000,6386.0000000000,6386.0000000000,6384.5000000000,2014-08-23 11:48:00.000188+01,2014-08-23 11:48:00.000188+01
142,2013-07-19 09:22:00.000467+01,EUR/GBP,85,5,0.8429000000,0.8429500000,0.8429500000,0.8429000000,2014-08-23 11:48:00.000188+01,2014-08-23 11:48:00.000188+01
143,2013-07-19 09:23:00.000428+01,6A,397,32,1.0297000000,1.0296000000,1.0297000000,1.0296000000,2014-08-23 11:48:00.000188+01,2014-08-23 11:48:00.000188+01
144,2013-07-19 09:23:00.000428+01,FDAX,868,52,7854.0000000000,7851.5000000000,7855.0000000000,7851.0000000000,2014-08-23 11:48:00.000188+01,2014-08-23 11:48:00.000188+01
145,2013-07-19 09:23:00.000428+01,LFZ,274,13,6385.0000000000,6384.5000000000,6385.0000000000,6384.5000000000,2014-08-23 11:48:00.000188+01,2014-08-23 11:48:00.000188+01
146,2013-07-19 09:23:00.000428+01,EUR/GBP,50,2,0.8429500000,0.8429500000,0.8429500000,0.8429500000,2014-08-23 11:48:00.000188+01,2014-08-23 11:48:00.000188+01
147,2013-07-19 09:24:00.000456+01,6A,253,0,1.0296500000,1.0296500000,1.0296500000,1.0296500000,2014-08-23 11:48:00.000188+01,2014-08-23 11:48:00.000188+01
148,2013-07-19 09:24:00.000456+01,FDAX,646,33,7851.0000000000,7849.5000000000,7851.0000000000,7849.5000000000,2014-08-23 11:48:00.000188+01,2014-08-23 11:48:00.000188+01
149,2013-07-19 09:24:00.000456+01,LFZ,173,10,6384.0000000000,6384.0000000000,6384.5000000000,6384.0000000000,2014-08-23 11:48:00.000188+01,2014-08-23 11:48:00.000188+01
150,2013-07-19 09:24:00.000456+01,EUR/GBP,123,2,0.8427500000,0.8427500000,0.8427500000,0.8427500000,2014-08-23 11:48:00.000188+01,2014-08-23 11:48:00.000188+01
151,2013-07-19 09:25:00.000073+01,6A,655,29,1.0296000000,1.0296000000,1.0296000000,1.0296000000,2014-08-23 11:48:00.000188+01,2014-08-23 11:48:00.000188+01
152,2013-07-19 09:25:00.000073+01,FDAX,873,39,7849.5000000000,7848.5000000000,7852.0000000000,7848.5000000000,2014-08-23 11:48:00.000188+01,2014-08-23 11:48:00.000188+01
153,2013-07-19 09:25:00.000073+01,LFZ,359,38,6384.5000000000,6382.5000000000,6385.0000000000,6381.5000000000,2014-08-23 11:48:00.000188+01,2014-08-23 11:48:00.000188+01
154,2013-07-19 09:25:00.000073+01,EUR/GBP,103,5,0.8428000000,0.8428000000,0.8428500000,0.8428000000,2014-08-23 11:48:00.000188+01,2014-08-23 11:48:00.000188+01
155,2013-07-19 09:26:00.000552+01,6A,187,9,1.0296000000,1.0295000000,1.0296000000,1.0295000000,2014-08-23 11:48:00.000188+01,2014-08-23 11:48:00.000188+01
156,2013-07-19 09:26:00.000552+01,FDAX,1180,73,7848.5000000000,7846.5000000000,7850.5000000000,7845.5000000000,2014-08-23 11:48:00.000188+01,2014-08-23 11:48:00.000188+01
157,2013-07-19 09:26:00.000552+01,LFZ,423,37,6382.0000000000,6380.5000000000,6383.0000000000,6380.5000000000,2014-08-23 11:48:00.000188+01,2014-08-23 11:48:00.000188+01
158,2013-07-19 09:26:00.000552+01,EUR/GBP,119,5,0.8427500000,0.8426000000,0.8427500000,0.8426000000,2014-08-23 11:48:00.000188+01,2014-08-23 11:48:00.000188+01
159,2013-07-19 09:27:00.000555+01,6A,342,22,1.0295000000,1.0295000000,1.0295000000,1.0295000000,2014-08-23 11:48:00.000188+01,2014-08-23 11:48:00.000188+01
160,2013-07-19 09:27:00.000555+01,FDAX,1183,113,7845.5000000000,7844.5000000000,7845.5000000000,7843.0000000000,2014-08-23 11:48:00.000188+01,2014-08-23 11:48:00.000188+01
161,2013-07-19 09:27:00.000555+01,LFZ,520,47,6380.5000000000,6379.0000000000,6380.5000000000,6377.5000000000,2014-08-23 11:48:00.000188+01,2014-08-23 11:48:00.000188+01
162,2013-07-19 09:27:00.000555+01,EUR/GBP,161,2,0.8426000000,0.8425000000,0.8426000000,0.8425000000,2014-08-23 11:48:00.000188+01,2014-08-23 11:48:00.000188+01
163,2013-07-19 09:28:00.000545+01,6A,404,22,1.0295000000,1.0295000000,1.0296000000,1.0295000000,2014-08-23 11:48:00.000188+01,2014-08-23 11:48:00.000188+01
164,2013-07-19 09:28:00.000545+01,FDAX,1211,92,7845.0000000000,7842.5000000000,7845.5000000000,7841.0000000000,2014-08-23 11:48:00.000188+01,2014-08-23 11:48:00.000188+01
165,2013-07-19 09:28:00.000545+01,LFZ,498,42,6379.0000000000,6378.0000000000,6379.5000000000,6376.5000000000,2014-08-23 11:48:00.000188+01,2014-08-23 11:48:00.000188+01
166,2013-07-19 09:28:00.000545+01,EUR/GBP,119,3,0.8425500000,0.8425000000,0.8425500000,0.8425000000,2014-08-23 11:48:00.000188+01,2014-08-23 11:48:00.000188+01
167,2013-07-19 09:29:00.000556+01,6A,286,12,1.0296000000,1.0296000000,1.0296000000,1.0295000000,2014-08-23 11:48:00.000188+01,2014-08-23 11:48:00.000188+01
168,2013-07-19 09:29:00.000556+01,FDAX,971,51,7843.0000000000,7843.0000000000,7844.0000000000,7841.5000000000,2014-08-23 11:48:00.000188+01,2014-08-23 11:48:00.000188+01
169,2013-07-19 09:29:00.000556+01,LFZ,277,21,6378.5000000000,6380.0000000000,6380.5000000000,6378.5000000000,2014-08-23 11:48:00.000188+01,2014-08-23 11:48:00.000188+01
170,2013-07-19 09:29:00.000556+01,EUR/GBP,37,0,0.8423750000,0.8423750000,0.8423750000,0.8423750000,2014-08-23 11:48:00.000188+01,2014-08-23 11:48:00.000188+01
171,2013-07-19 09:30:00.00072+01,6A,478,47,1.0295000000,1.0296000000,1.0296000000,1.0295000000,2014-08-23 11:48:00.000188+01,2014-08-23 11:48:00.000188+01
172,2013-07-19 09:30:00.00072+01,FDAX,908,67,7843.0000000000,7845.0000000000,7845.5000000000,7842.5000000000,2014-08-23 11:48:00.000188+01,2014-08-23 11:48:00.000188+01
173,2013-07-19 09:30:00.00072+01,LFZ,229,22,6380.0000000000,6380.0000000000,6381.0000000000,6380.0000000000,2014-08-23 11:48:00.000188+01,2014-08-23 11:48:00.000188+01
174,2013-07-19 09:30:00.00072+01,EUR/GBP,65,1,0.8426000000,0.8426000000,0.8426000000,0.8426000000,2014-08-23 11:48:00.000188+01,2014-08-23 11:48:00.000188+01
175,2013-07-19 09:31:00.000545+01,6A,315,10,1.0295000000,1.0295000000,1.0295000000,1.0295000000,2014-08-23 11:48:00.000188+01,2014-08-23 11:48:00.000188+01
176,2013-07-19 09:31:00.000545+01,FDAX,632,47,7844.5000000000,7842.5000000000,7845.0000000000,7842.0000000000,2014-08-23 11:48:00.000188+01,2014-08-23 11:48:00.000188+01
177,2013-07-19 09:31:00.000545+01,LFZ,277,16,6379.5000000000,6378.0000000000,6379.5000000000,6378.0000000000,2014-08-23 11:48:00.000188+01,2014-08-23 11:48:00.000188+01
178,2013-07-19 09:31:00.000545+01,EUR/GBP,141,10,0.8425000000,0.8424000000,0.8425000000,0.8423500000,2014-08-23 11:48:00.000188+01,2014-08-23 11:48:00.000188+01
179,2013-07-19 09:32:00.000546+01,6A,310,13,1.0295000000,1.0295000000,1.0295000000,1.0294000000,2014-08-23 11:48:00.000188+01,2014-08-23 11:48:00.000188+01
180,2013-07-19 09:32:00.000546+01,FDAX,767,49,7843.0000000000,7844.0000000000,7844.0000000000,7841.5000000000,2014-08-23 11:48:00.000188+01,2014-08-23 11:48:00.000188+01
181,2013-07-19 09:32:00.000546+01,LFZ,302,29,6377.5000000000,6378.5000000000,6379.0000000000,6376.5000000000,2014-08-23 11:48:00.000188+01,2014-08-23 11:48:00.000188+01
182,2013-07-19 09:32:00.000546+01,EUR/GBP,124,4,0.8424000000,0.8422000000,0.8424000000,0.8422000000,2014-08-23 11:48:00.000188+01,2014-08-23 11:48:00.000188+01
183,2013-07-19 09:33:00.000428+01,6A,176,7,1.0296000000,1.0297000000,1.0297000000,1.0296000000,2014-08-23 11:48:00.000188+01,2014-08-23 11:48:00.000188+01
184,2013-07-19 09:33:00.000428+01,FDAX,907,52,7844.5000000000,7845.5000000000,7846.5000000000,7844.0000000000,2014-08-23 11:48:00.000188+01,2014-08-23 11:48:00.000188+01
185,2013-07-19 09:33:00.000428+01,LFZ,233,18,6378.5000000000,6379.5000000000,6380.0000000000,6378.5000000000,2014-08-23 11:48:00.000188+01,2014-08-23 11:48:00.000188+01
186,2013-07-19 09:33:00.000428+01,EUR/GBP,131,6,0.8421000000,0.8421000000,0.8421000000,0.8421000000,2014-08-23 11:48:00.000188+01,2014-08-23 11:48:00.000188+01
187,2013-07-19 09:34:00.000544+01,6A,504,20,1.0296000000,1.0295000000,1.0296000000,1.0295000000,2014-08-23 11:48:00.000188+01,2014-08-23 11:48:00.000188+01
188,2013-07-19 09:34:00.000544+01,FDAX,808,35,7845.5000000000,7845.5000000000,7846.5000000000,7844.0000000000,2014-08-23 11:48:00.000188+01,2014-08-23 11:48:00.000188+01
189,2013-07-19 09:34:00.000544+01,LFZ,301,18,6379.5000000000,6379.5000000000,6380.0000000000,6378.5000000000,2014-08-23 11:48:00.000188+01,2014-08-23 11:48:00.000188+01
190,2013-07-19 09:34:00.000544+01,EUR/GBP,124,4,0.8421000000,0.8419500000,0.8421000000,0.8419500000,2014-08-23 11:48:00.000188+01,2014-08-23 11:48:00.000188+01
191,2013-07-19 09:35:00.000546+01,6A,110,2,1.0294000000,1.0295000000,1.0295000000,1.0294000000,2014-08-23 11:48:00.000188+01,2014-08-23 11:48:00.000188+01
192,2013-07-19 09:35:00.000546+01,FDAX,575,22,7845.5000000000,7844.5000000000,7846.0000000000,7843.5000000000,2014-08-23 11:48:00.000188+01,2014-08-23 11:48:00.000188+01
193,2013-07-19 09:35:00.000546+01,LFZ,116,4,6380.0000000000,6378.5000000000,6380.0000000000,6378.5000000000,2014-08-23 11:48:00.000188+01,2014-08-23 11:48:00.000188+01
194,2013-07-19 09:35:00.000546+01,EUR/GBP,194,3,0.8418500000,0.8418000000,0.8418500000,0.8418000000,2014-08-23 11:48:00.000188+01,2014-08-23 11:48:00.000188+01
195,2013-07-19 09:36:00.000541+01,6A,83,3,1.0294000000,1.0295000000,1.0295000000,1.0294000000,2014-08-23 11:48:00.000188+01,2014-08-23 11:48:00.000188+01
196,2013-07-19 09:36:00.000541+01,FDAX,334,17,7844.5000000000,7846.0000000000,7846.0000000000,7844.5000000000,2014-08-23 11:48:00.000188+01,2014-08-23 11:48:00.000188+01
197,2013-07-19 09:36:00.000541+01,LFZ,106,16,6379.0000000000,6379.5000000000,6380.0000000000,6378.5000000000,2014-08-23 11:48:00.000188+01,2014-08-23 11:48:00.000188+01
198,2013-07-19 09:36:00.000541+01,EUR/GBP,98,1,0.8419000000,0.8419000000,0.8419000000,0.8419000000,2014-08-23 11:48:00.000188+01,2014-08-23 11:48:00.000188+01
199,2013-07-19 09:37:00.000428+01,6A,201,21,1.0295000000,1.0296000000,1.0296000000,1.0295000000,2014-08-23 11:48:00.000188+01,2014-08-23 11:48:00.000188+01
200,2013-07-19 09:37:00.000428+01,FDAX,574,15,7845.5000000000,7844.5000000000,7845.5000000000,7844.5000000000,2014-08-23 11:48:00.000188+01,2014-08-23 11:48:00.000188+01
201,2013-07-19 09:37:00.000428+01,LFZ,111,9,6379.5000000000,6379.5000000000,6379.5000000000,6379.0000000000,2014-08-23 11:48:00.000188+01,2014-08-23 11:48:00.000188+01
202,2013-07-19 09:37:00.000428+01,EUR/GBP,52,3,0.8420000000,0.8420000000,0.8420000000,0.8420000000,2014-08-23 11:48:00.000188+01,2014-08-23 11:48:00.000188+01
203,2013-07-19 09:38:00.000552+01,6A,155,13,1.0296000000,1.0296000000,1.0296000000,1.0295000000,2014-08-23 11:48:00.000188+01,2014-08-23 11:48:00.000188+01
204,2013-07-19 09:38:00.000552+01,FDAX,333,6,7844.5000000000,7845.0000000000,7845.5000000000,7844.0000000000,2014-08-23 11:48:00.000188+01,2014-08-23 11:48:00.000188+01
205,2013-07-19 09:38:00.000552+01,LFZ,124,4,6379.5000000000,6380.0000000000,6380.0000000000,6379.5000000000,2014-08-23 11:48:00.000188+01,2014-08-23 11:48:00.000188+01
206,2013-07-19 09:38:00.000552+01,EUR/GBP,70,1,0.8420000000,0.8420000000,0.8420000000,0.8420000000,2014-08-23 11:48:00.000188+01,2014-08-23 11:48:00.000188+01
207,2013-07-19 09:39:00.000428+01,6A,278,15,1.0296000000,1.0297000000,1.0297000000,1.0296000000,2014-08-23 11:48:00.000188+01,2014-08-23 11:48:00.000188+01
208,2013-07-19 09:39:00.000428+01,FDAX,420,28,7845.0000000000,7848.0000000000,7848.0000000000,7845.0000000000,2014-08-23 11:48:00.000188+01,2014-08-23 11:48:00.000188+01
209,2013-07-19 09:39:00.000428+01,LFZ,143,15,6380.5000000000,6381.5000000000,6381.5000000000,6380.5000000000,2014-08-23 11:48:00.000188+01,2014-08-23 11:48:00.000188+01
210,2013-07-19 09:39:00.000428+01,EUR/GBP,98,4,0.8419500000,0.8420500000,0.8420500000,0.8419500000,2014-08-23 11:48:00.000188+01,2014-08-23 11:48:00.000188+01
211,2013-07-19 09:40:00.00046+01,6A,305,15,1.0296000000,1.0298000000,1.0298000000,1.0296000000,2014-08-23 11:48:00.000188+01,2014-08-23 11:48:00.000188+01
212,2013-07-19 09:40:00.00046+01,FDAX,1264,100,7847.0000000000,7851.0000000000,7852.5000000000,7847.0000000000,2014-08-23 11:48:00.000188+01,2014-08-23 11:48:00.000188+01
213,2013-07-19 09:40:00.00046+01,LFZ,316,28,6381.5000000000,6384.0000000000,6384.0000000000,6381.5000000000,2014-08-23 11:48:00.000188+01,2014-08-23 11:48:00.000188+01
214,2013-07-19 09:40:00.00046+01,EUR/GBP,62,0,0.8421000000,0.8421000000,0.8421000000,0.8421000000,2014-08-23 11:48:00.000188+01,2014-08-23 11:48:00.000188+01
215,2013-07-19 09:41:00.000558+01,6A,249,25,1.0297000000,1.0297000000,1.0298000000,1.0297000000,2014-08-23 11:48:00.000188+01,2014-08-23 11:48:00.000188+01
216,2013-07-19 09:41:00.000558+01,FDAX,611,32,7851.0000000000,7850.5000000000,7852.5000000000,7850.5000000000,2014-08-23 11:48:00.000188+01,2014-08-23 11:48:00.000188+01
217,2013-07-19 09:41:00.000558+01,LFZ,160,11,6382.5000000000,6381.5000000000,6382.5000000000,6381.5000000000,2014-08-23 11:48:00.000188+01,2014-08-23 11:48:00.000188+01
218,2013-07-19 09:41:00.000558+01,EUR/GBP,99,1,0.8420000000,0.8420000000,0.8420000000,0.8420000000,2014-08-23 11:48:00.000188+01,2014-08-23 11:48:00.000188+01
219,2013-07-19 09:42:00.000427+01,6A,337,13,1.0297000000,1.0297000000,1.0298000000,1.0297000000,2014-08-23 11:48:00.000188+01,2014-08-23 11:48:00.000188+01
220,2013-07-19 09:42:00.000427+01,FDAX,696,32,7850.0000000000,7849.0000000000,7851.5000000000,7849.0000000000,2014-08-23 11:48:00.000188+01,2014-08-23 11:48:00.000188+01
221,2013-07-19 09:42:00.000427+01,LFZ,176,17,6381.0000000000,6381.5000000000,6381.5000000000,6381.0000000000,2014-08-23 11:48:00.000188+01,2014-08-23 11:48:00.000188+01
222,2013-07-19 09:42:00.000427+01,EUR/GBP,109,2,0.8419000000,0.8419000000,0.8419000000,0.8419000000,2014-08-23 11:48:00.000188+01,2014-08-23 11:48:00.000188+01
223,2013-07-19 09:43:00.000427+01,6A,275,14,1.0297000000,1.0298000000,1.0298000000,1.0297000000,2014-08-23 11:48:00.000188+01,2014-08-23 11:48:00.000188+01
224,2013-07-19 09:43:00.000427+01,FDAX,331,10,7849.0000000000,7849.0000000000,7849.0000000000,7848.0000000000,2014-08-23 11:48:00.000188+01,2014-08-23 11:48:00.000188+01
225,2013-07-19 09:43:00.000427+01,LFZ,191,14,6381.0000000000,6381.5000000000,6381.5000000000,6380.5000000000,2014-08-23 11:48:00.000188+01,2014-08-23 11:48:00.000188+01
226,2013-07-19 09:43:00.000427+01,EUR/GBP,54,0,0.8419750000,0.8419750000,0.8419750000,0.8419750000,2014-08-23 11:48:00.000188+01,2014-08-23 11:48:00.000188+01
227,2013-07-19 09:44:00.000276+01,6A,184,20,1.0297000000,1.0299000000,1.0299000000,1.0297000000,2014-08-23 11:48:00.000188+01,2014-08-23 11:48:00.000188+01
228,2013-07-19 09:44:00.000276+01,FDAX,189,6,7848.5000000000,7849.0000000000,7849.5000000000,7848.0000000000,2014-08-23 11:48:00.000188+01,2014-08-23 11:48:00.000188+01
229,2013-07-19 09:44:00.000276+01,LFZ,41,2,6381.5000000000,6381.5000000000,6381.5000000000,6381.5000000000,2014-08-23 11:48:00.000188+01,2014-08-23 11:48:00.000188+01
230,2013-07-19 09:44:00.000276+01,EUR/GBP,73,0,0.8420250000,0.8420250000,0.8420250000,0.8420250000,2014-08-23 11:48:00.000188+01,2014-08-23 11:48:00.000188+01
231,2013-07-19 09:45:00.000455+01,6A,225,11,1.0298000000,1.0298000000,1.0298000000,1.0298000000,2014-08-23 11:48:00.000188+01,2014-08-23 11:48:00.000188+01
232,2013-07-19 09:45:00.000455+01,FDAX,608,40,7849.0000000000,7846.5000000000,7849.0000000000,7846.0000000000,2014-08-23 11:48:00.000188+01,2014-08-23 11:48:00.000188+01
233,2013-07-19 09:45:00.000455+01,LFZ,236,21,6381.0000000000,6380.5000000000,6381.5000000000,6380.0000000000,2014-08-23 11:48:00.000188+01,2014-08-23 11:48:00.000188+01
234,2013-07-19 09:45:00.000455+01,EUR/GBP,71,3,0.8420000000,0.8420000000,0.8420000000,0.8420000000,2014-08-23 11:48:00.000188+01,2014-08-23 11:48:00.000188+01
235,2013-07-19 09:46:00.000541+01,6A,263,16,1.0298000000,1.0298000000,1.0298000000,1.0298000000,2014-08-23 11:48:00.000188+01,2014-08-23 11:48:00.000188+01
236,2013-07-19 09:46:00.000541+01,FDAX,586,30,7847.5000000000,7846.0000000000,7848.5000000000,7846.0000000000,2014-08-23 11:48:00.000188+01,2014-08-23 11:48:00.000188+01
237,2013-07-19 09:46:00.000541+01,LFZ,282,19,6381.0000000000,6381.5000000000,6382.5000000000,6381.0000000000,2014-08-23 11:48:00.000188+01,2014-08-23 11:48:00.000188+01
238,2013-07-19 09:46:00.000541+01,EUR/GBP,39,3,0.8421000000,0.8421000000,0.8421000000,0.8421000000,2014-08-23 11:48:00.000188+01,2014-08-23 11:48:00.000188+01
239,2013-07-19 09:47:00.000546+01,6A,373,32,1.0297000000,1.0297000000,1.0298000000,1.0297000000,2014-08-23 11:48:00.000188+01,2014-08-23 11:48:00.000188+01
240,2013-07-19 09:47:00.000546+01,FDAX,325,14,7847.0000000000,7845.5000000000,7847.0000000000,7845.5000000000,2014-08-23 11:48:00.000188+01,2014-08-23 11:48:00.000188+01
241,2013-07-19 09:47:00.000546+01,LFZ,104,13,6381.0000000000,6380.5000000000,6381.0000000000,6380.5000000000,2014-08-23 11:48:00.000188+01,2014-08-23 11:48:00.000188+01
242,2013-07-19 09:47:00.000546+01,EUR/GBP,17,2,0.8420500000,0.8420500000,0.8420500000,0.8420500000,2014-08-23 11:48:00.000188+01,2014-08-23 11:48:00.000188+01
243,2013-07-19 09:48:00.000081+01,6A,108,3,1.0297000000,1.0297000000,1.0297000000,1.0296000000,2014-08-23 11:48:00.000188+01,2014-08-23 11:48:00.000188+01
244,2013-07-19 09:48:00.000081+01,FDAX,445,23,7845.5000000000,7843.5000000000,7846.0000000000,7843.5000000000,2014-08-23 11:48:00.000188+01,2014-08-23 11:48:00.000188+01
245,2013-07-19 09:48:00.000081+01,LFZ,171,13,6380.0000000000,6379.5000000000,6380.0000000000,6379.0000000000,2014-08-23 11:48:00.000188+01,2014-08-23 11:48:00.000188+01
246,2013-07-19 09:48:00.000081+01,EUR/GBP,29,3,0.8420000000,0.8419500000,0.8420000000,0.8419500000,2014-08-23 11:48:00.000188+01,2014-08-23 11:48:00.000188+01
247,2013-07-19 09:49:00.000545+01,6A,392,20,1.0297000000,1.0296000000,1.0297000000,1.0296000000,2014-08-23 11:48:00.000188+01,2014-08-23 11:48:00.000188+01
248,2013-07-19 09:49:00.000545+01,FDAX,2418,273,7843.5000000000,7837.0000000000,7843.5000000000,7834.5000000000,2014-08-23 11:48:00.000188+01,2014-08-23 11:48:00.000188+01
249,2013-07-19 09:49:00.000545+01,LFZ,473,77,6379.0000000000,6377.0000000000,6379.0000000000,6377.0000000000,2014-08-23 11:48:00.000188+01,2014-08-23 11:48:00.000188+01
250,2013-07-19 09:49:00.000545+01,EUR/GBP,65,2,0.8419000000,0.8419000000,0.8419000000,0.8419000000,2014-08-23 11:48:00.000188+01,2014-08-23 11:48:00.000188+01
251,2013-07-19 09:50:00.000091+01,6A,167,5,1.0296000000,1.0296000000,1.0296000000,1.0295000000,2014-08-23 11:48:00.000188+01,2014-08-23 11:48:00.000188+01
252,2013-07-19 09:50:00.000091+01,FDAX,895,59,7836.5000000000,7837.5000000000,7838.0000000000,7836.0000000000,2014-08-23 11:48:00.000188+01,2014-08-23 11:48:00.000188+01
253,2013-07-19 09:50:00.000091+01,LFZ,168,16,6377.5000000000,6378.0000000000,6378.0000000000,6377.5000000000,2014-08-23 11:48:00.000188+01,2014-08-23 11:48:00.000188+01
254,2013-07-19 09:50:00.000091+01,EUR/GBP,63,1,0.8421500000,0.8421500000,0.8421500000,0.8421500000,2014-08-23 11:48:00.000188+01,2014-08-23 11:48:00.000188+01
255,2013-07-19 09:51:00.00009+01,6A,381,26,1.0296000000,1.0296000000,1.0297000000,1.0296000000,2014-08-23 11:48:00.000188+01,2014-08-23 11:48:00.000188+01
256,2013-07-19 09:51:00.00009+01,FDAX,1445,126,7838.0000000000,7831.5000000000,7838.0000000000,7830.5000000000,2014-08-23 11:48:00.000188+01,2014-08-23 11:48:00.000188+01
257,2013-07-22 08:47:00.000458+01,LFZ,304,24,6387.0000000000,6386.5000000000,6387.0000000000,6386.0000000000,2014-08-23 11:48:00.000188+01,2014-08-23 11:48:00.000188+01
258,2013-07-22 08:47:00.000458+01,EUR/GBP,69,1,0.8422500000,0.8422500000,0.8422500000,0.8422500000,2014-08-23 11:48:00.000188+01,2014-08-23 11:48:00.000188+01
259,2013-07-22 08:48:00.000188+01,6A,705,39,1.0296000000,1.0295000000,1.0297000000,1.0295000000,2014-08-23 11:48:00.000188+01,2014-08-23 11:48:00.000188+01
260,2013-07-22 08:48:00.000188+01,FDAX,1105,44,7859.0000000000,7861.5000000000,7862.0000000000,7859.0000000000,2014-08-23 11:48:00.000188+01,2014-08-23 11:48:00.000188+01
261,2013-07-22 08:48:00.000188+01,LFZ,250,26,6386.5000000000,6387.5000000000,6388.0000000000,6386.5000000000,2014-08-23 11:48:00.000188+01,2014-08-23 11:48:00.000188+01
262,2013-07-22 08:48:00.000188+01,EUR/GBP,149,2,0.8423500000,0.8424500000,0.8424500000,0.8423500000,2014-08-23 11:48:00.000188+01,2014-08-23 11:48:00.000188+01
263,2013-07-22 08:49:00.000458+01,6A,404,19,1.0295000000,1.0295000000,1.0296000000,1.0295000000,2014-08-23 11:48:00.000188+01,2014-08-23 11:48:00.000188+01
264,2013-07-22 08:49:00.000458+01,FDAX,432,22,7861.5000000000,7862.5000000000,7863.5000000000,7861.5000000000,2014-08-23 11:48:00.000188+01,2014-08-23 11:48:00.000188+01
265,2013-07-22 08:49:00.000458+01,LFZ,169,13,6388.0000000000,6389.5000000000,6389.5000000000,6388.0000000000,2014-08-23 11:48:00.000188+01,2014-08-23 11:48:00.000188+01
266,2013-07-22 08:49:00.000458+01,EUR/GBP,135,2,0.8427000000,0.8426500000,0.8427000000,0.8426500000,2014-08-23 11:48:00.000188+01,2014-08-23 11:48:00.000188+01
267,2013-07-22 08:50:00.000456+01,6A,537,27,1.0295000000,1.0294000000,1.0295000000,1.0294000000,2014-08-23 11:48:00.000188+01,2014-08-23 11:48:00.000188+01
268,2013-07-22 08:50:00.000456+01,FDAX,966,57,7863.5000000000,7860.5000000000,7863.5000000000,7858.5000000000,2014-08-23 11:48:00.000188+01,2014-08-23 11:48:00.000188+01
269,2013-07-22 08:50:00.000456+01,LFZ,266,11,6389.5000000000,6388.0000000000,6389.5000000000,6388.0000000000,2014-08-23 11:48:00.000188+01,2014-08-23 11:48:00.000188+01
270,2013-07-22 08:50:00.000456+01,EUR/GBP,80,0,0.8426750000,0.8426750000,0.8426750000,0.8426750000,2014-08-23 11:48:00.000188+01,2014-08-23 11:48:00.000188+01
271,2013-07-22 08:51:00.000545+01,6A,781,131,1.0294000000,1.0293000000,1.0295000000,1.0293000000,2014-08-23 11:48:00.000188+01,2014-08-23 11:48:00.000188+01
272,2013-07-22 08:51:00.000545+01,FDAX,930,40,7861.0000000000,7861.5000000000,7863.0000000000,7859.5000000000,2014-08-23 11:48:00.000188+01,2014-08-23 11:48:00.000188+01
273,2013-07-22 08:51:00.000545+01,LFZ,269,15,6388.0000000000,6390.0000000000,6390.0000000000,6387.5000000000,2014-08-23 11:48:00.000188+01,2014-08-23 11:48:00.000188+01
274,2013-07-22 08:51:00.000545+01,EUR/GBP,102,1,0.8428000000,0.8428000000,0.8428000000,0.8428000000,2014-08-23 11:48:00.000188+01,2014-08-23 11:48:00.000188+01
275,2013-07-22 08:52:00.000428+01,6A,562,26,1.0294000000,1.0293000000,1.0294000000,1.0292000000,2014-08-23 11:48:00.000188+01,2014-08-23 11:48:00.000188+01
276,2013-07-22 08:52:00.000428+01,FDAX,744,16,7861.0000000000,7863.5000000000,7863.5000000000,7860.5000000000,2014-08-23 11:48:00.000188+01,2014-08-23 11:48:00.000188+01
277,2013-07-22 08:52:00.000428+01,LFZ,292,17,6390.0000000000,6391.5000000000,6391.5000000000,6389.0000000000,2014-08-23 11:48:00.000188+01,2014-08-23 11:48:00.000188+01
278,2013-07-22 08:52:00.000428+01,EUR/GBP,108,2,0.8426500000,0.8426000000,0.8426500000,0.8426000000,2014-08-23 11:48:00.000188+01,2014-08-23 11:48:00.000188+01
279,2013-07-22 08:53:00.000428+01,6A,281,11,1.0293000000,1.0293000000,1.0293000000,1.0293000000,2014-08-23 11:48:00.000188+01,2014-08-23 11:48:00.000188+01
280,2013-07-22 08:53:00.000428+01,FDAX,1655,126,7863.5000000000,7868.0000000000,7869.0000000000,7862.0000000000,2014-08-23 11:48:00.000188+01,2014-08-23 11:48:00.000188+01
281,2013-07-22 08:53:00.000428+01,LFZ,431,30,6392.0000000000,6393.0000000000,6394.0000000000,6391.5000000000,2014-08-23 11:48:00.000188+01,2014-08-23 11:48:00.000188+01
282,2013-07-22 08:53:00.000428+01,EUR/GBP,95,0,0.8426250000,0.8426250000,0.8426250000,0.8426250000,2014-08-23 11:48:00.000188+01,2014-08-23 11:48:00.000188+01
283,2013-07-22 08:54:00.000541+01,6A,536,81,1.0293000000,1.0292000000,1.0293000000,1.0291000000,2014-08-23 11:48:00.000188+01,2014-08-23 11:48:00.000188+01
284,2013-07-22 08:54:00.000541+01,FDAX,1676,88,7867.5000000000,7866.5000000000,7869.0000000000,7864.0000000000,2014-08-23 11:48:00.000188+01,2014-08-23 11:48:00.000188+01
285,2013-07-22 08:54:00.000541+01,LFZ,584,34,6392.5000000000,6391.0000000000,6393.5000000000,6390.0000000000,2014-08-23 11:48:00.000188+01,2014-08-23 11:48:00.000188+01
286,2013-07-22 08:54:00.000541+01,EUR/GBP,62,2,0.8427500000,0.8427500000,0.8427500000,0.8427500000,2014-08-23 11:48:00.000188+01,2014-08-23 11:48:00.000188+01
287,2013-07-22 08:55:00.000336+01,6A,88,4,1.0293000000,1.0293000000,1.0293000000,1.0293000000,2014-08-23 11:48:00.000188+01,2014-08-23 11:48:00.000188+01
288,2013-07-22 08:55:00.000336+01,FDAX,704,40,7866.0000000000,7863.0000000000,7866.0000000000,7863.0000000000,2014-08-23 11:48:00.000188+01,2014-08-23 11:48:00.000188+01
289,2013-07-22 08:55:00.000336+01,LFZ,219,17,6390.5000000000,6389.0000000000,6390.5000000000,6389.0000000000,2014-08-23 11:48:00.000188+01,2014-08-23 11:48:00.000188+01
290,2013-07-22 08:55:00.000336+01,EUR/GBP,48,3,0.8427500000,0.8428000000,0.8428000000,0.8427500000,2014-08-23 11:48:00.000188+01,2014-08-23 11:48:00.000188+01
291,2013-07-22 08:56:00.000252+01,6A,293,10,1.0293000000,1.0293000000,1.0293000000,1.0293000000,2014-08-23 11:48:00.000188+01,2014-08-23 11:48:00.000188+01
292,2013-07-22 08:56:00.000252+01,FDAX,749,34,7862.5000000000,7863.5000000000,7864.5000000000,7862.5000000000,2014-08-23 11:48:00.000188+01,2014-08-23 11:48:00.000188+01
293,2013-07-22 08:56:00.000252+01,LFZ,311,16,6388.5000000000,6390.5000000000,6391.0000000000,6388.5000000000,2014-08-23 11:48:00.000188+01,2014-08-23 11:48:00.000188+01
294,2013-07-22 08:56:00.000252+01,EUR/GBP,111,5,0.8428000000,0.8428500000,0.8429000000,0.8427500000,2014-08-23 11:48:00.000188+01,2014-08-23 11:48:00.000188+01
295,2013-07-22 08:57:00.00004+01,6A,383,28,1.0294000000,1.0294000000,1.0295000000,1.0294000000,2014-08-23 11:48:00.000188+01,2014-08-23 11:48:00.000188+01
296,2013-07-22 08:57:00.00004+01,FDAX,576,14,7864.5000000000,7866.0000000000,7866.0000000000,7864.5000000000,2014-08-23 11:48:00.000188+01,2014-08-23 11:48:00.000188+01
297,2013-07-22 08:57:00.00004+01,LFZ,159,5,6391.0000000000,6391.0000000000,6391.0000000000,6390.5000000000,2014-08-23 11:48:00.000188+01,2014-08-23 11:48:00.000188+01
298,2013-07-22 08:57:00.00004+01,EUR/GBP,70,0,0.8429750000,0.8429750000,0.8429750000,0.8429750000,2014-08-23 11:48:00.000188+01,2014-08-23 11:48:00.000188+01
299,2013-07-22 08:58:00.000534+01,6A,200,12,1.0295000000,1.0296000000,1.0296000000,1.0295000000,2014-08-23 11:48:00.000188+01,2014-08-23 11:48:00.000188+01
300,2013-07-22 08:58:00.000534+01,FDAX,306,16,7866.0000000000,7867.5000000000,7867.5000000000,7865.0000000000,2014-08-23 11:48:00.000188+01,2014-08-23 11:48:00.000188+01
301,2013-07-22 08:58:00.000534+01,LFZ,70,1,6391.5000000000,6391.5000000000,6391.5000000000,6391.5000000000,2014-08-23 11:48:00.000188+01,2014-08-23 11:48:00.000188+01
302,2013-07-22 08:58:00.000534+01,EUR/GBP,94,4,0.8431000000,0.8430500000,0.8431000000,0.8430500000,2014-08-23 11:48:00.000188+01,2014-08-23 11:48:00.000188+01
303,2013-07-22 08:59:00.00054+01,6A,391,22,1.0295000000,1.0296000000,1.0296000000,1.0294000000,2014-08-23 11:48:00.000188+01,2014-08-23 11:48:00.000188+01
304,2013-07-22 08:59:00.00054+01,FDAX,1201,69,7867.0000000000,7870.0000000000,7870.5000000000,7867.0000000000,2014-08-23 11:48:00.000188+01,2014-08-23 11:48:00.000188+01
305,2013-07-22 08:59:00.00054+01,LFZ,311,35,6391.5000000000,6392.0000000000,6392.5000000000,6391.0000000000,2014-08-23 11:48:00.000188+01,2014-08-23 11:48:00.000188+01
306,2013-07-22 08:59:00.00054+01,EUR/GBP,167,2,0.8432500000,0.8431000000,0.8432500000,0.8431000000,2014-08-23 11:48:00.000188+01,2014-08-23 11:48:00.000188+01
307,2013-07-22 09:00:00.000428+01,6A,721,52,1.0296000000,1.0297000000,1.0297000000,1.0296000000,2014-08-23 11:48:00.000188+01,2014-08-23 11:48:00.000188+01
308,2013-07-22 09:00:00.000428+01,FDAX,1452,101,7871.0000000000,7871.0000000000,7872.0000000000,7868.5000000000,2014-08-23 11:48:00.000188+01,2014-08-23 11:48:00.000188+01
309,2013-07-22 09:00:00.000428+01,LFZ,372,40,6392.0000000000,6391.0000000000,6392.0000000000,6389.5000000000,2014-08-23 11:48:00.000188+01,2014-08-23 11:48:00.000188+01
310,2013-07-22 09:00:00.000428+01,EUR/GBP,280,1,0.8432000000,0.8432000000,0.8432000000,0.8432000000,2014-08-23 11:48:00.000188+01,2014-08-23 11:48:00.000188+01
311,2013-07-22 09:01:00.00046+01,6A,806,82,1.0297000000,1.0297000000,1.0298000000,1.0297000000,2014-08-23 11:48:00.000188+01,2014-08-23 11:48:00.000188+01
312,2013-07-22 09:01:00.00046+01,FDAX,1171,70,7871.0000000000,7866.5000000000,7871.5000000000,7866.5000000000,2014-08-23 11:48:00.000188+01,2014-08-23 11:48:00.000188+01
313,2013-07-22 09:01:00.00046+01,LFZ,370,23,6391.0000000000,6389.0000000000,6391.0000000000,6388.0000000000,2014-08-23 11:48:00.000188+01,2014-08-23 11:48:00.000188+01
314,2013-07-22 09:01:00.00046+01,EUR/GBP,197,1,0.8432000000,0.8432000000,0.8432000000,0.8432000000,2014-08-23 11:48:00.000188+01,2014-08-23 11:48:00.000188+01
315,2013-07-22 09:02:00.000314+01,6A,577,41,1.0297000000,1.0296000000,1.0298000000,1.0296000000,2014-08-23 11:48:00.000188+01,2014-08-23 11:48:00.000188+01
316,2013-07-22 09:02:00.000314+01,FDAX,1097,76,7867.0000000000,7862.0000000000,7867.0000000000,7861.5000000000,2014-08-23 11:48:00.000188+01,2014-08-23 11:48:00.000188+01
317,2013-07-22 09:02:00.000314+01,LFZ,297,27,6388.5000000000,6386.5000000000,6388.5000000000,6386.5000000000,2014-08-23 11:48:00.000188+01,2014-08-23 11:48:00.000188+01
318,2013-07-22 09:02:00.000314+01,EUR/GBP,202,9,0.8431000000,0.8432000000,0.8432000000,0.8431000000,2014-08-23 11:48:00.000188+01,2014-08-23 11:48:00.000188+01
319,2013-07-22 09:03:00.00054+01,6A,461,20,1.0297000000,1.0297000000,1.0297000000,1.0297000000,2014-08-23 11:48:00.000188+01,2014-08-23 11:48:00.000188+01
320,2013-07-22 09:03:00.00054+01,FDAX,927,53,7862.0000000000,7863.0000000000,7865.0000000000,7861.5000000000,2014-08-23 11:48:00.000188+01,2014-08-23 11:48:00.000188+01
321,2013-07-22 09:03:00.00054+01,LFZ,342,26,6387.0000000000,6388.5000000000,6389.5000000000,6387.0000000000,2014-08-23 11:48:00.000188+01,2014-08-23 11:48:00.000188+01
322,2013-07-22 09:03:00.00054+01,EUR/GBP,151,9,0.8432000000,0.8432000000,0.8432000000,0.8432000000,2014-08-23 11:48:00.000188+01,2014-08-23 11:48:00.000188+01
323,2013-07-22 09:04:00.000535+01,6A,343,21,1.0297000000,1.0297000000,1.0297000000,1.0296000000,2014-08-23 11:48:00.000188+01,2014-08-23 11:48:00.000188+01
324,2013-07-22 09:04:00.000535+01,FDAX,758,45,7862.5000000000,7860.5000000000,7863.0000000000,7858.5000000000,2014-08-23 11:48:00.000188+01,2014-08-23 11:48:00.000188+01
325,2013-07-22 09:04:00.000535+01,LFZ,248,17,6388.0000000000,6388.0000000000,6388.0000000000,6387.0000000000,2014-08-23 11:48:00.000188+01,2014-08-23 11:48:00.000188+01
326,2013-07-22 09:04:00.000535+01,EUR/GBP,78,0,0.8430750000,0.8430750000,0.8430750000,0.8430750000,2014-08-23 11:48:00.000188+01,2014-08-23 11:48:00.000188+01
327,2013-07-22 09:05:00.000546+01,6A,910,63,1.0296000000,1.0295000000,1.0296000000,1.0295000000,2014-08-23 11:48:00.000188+01,2014-08-23 11:48:00.000188+01
328,2013-07-22 09:05:00.000546+01,FDAX,2899,364,7860.0000000000,7850.0000000000,7860.5000000000,7845.0000000000,2014-08-23 11:48:00.000188+01,2014-08-23 11:48:00.000188+01
329,2013-07-22 09:05:00.000546+01,LFZ,750,76,6388.0000000000,6384.5000000000,6388.0000000000,6383.5000000000,2014-08-23 11:48:00.000188+01,2014-08-23 11:48:00.000188+01
330,2013-07-22 09:05:00.000546+01,EUR/GBP,171,3,0.8431000000,0.8429000000,0.8431000000,0.8429000000,2014-08-23 11:48:00.000188+01,2014-08-23 11:48:00.000188+01
331,2013-07-22 09:06:00.000544+01,6A,773,139,1.0294000000,1.0297000000,1.0297000000,1.0294000000,2014-08-23 11:48:00.000188+01,2014-08-23 11:48:00.000188+01
332,2013-07-22 09:06:00.000544+01,FDAX,1710,104,7850.5000000000,7847.5000000000,7850.5000000000,7846.0000000000,2014-08-23 11:48:00.000188+01,2014-08-23 11:48:00.000188+01
333,2013-07-22 09:06:00.000544+01,LFZ,408,29,6384.5000000000,6384.5000000000,6385.0000000000,6384.0000000000,2014-08-23 11:48:00.000188+01,2014-08-23 11:48:00.000188+01
334,2013-07-22 09:06:00.000544+01,EUR/GBP,116,0,0.8429000000,0.8429000000,0.8429000000,0.8429000000,2014-08-23 11:48:00.000188+01,2014-08-23 11:48:00.000188+01
335,2013-07-22 09:07:00.000455+01,6A,541,41,1.0298000000,1.0299000000,1.0299000000,1.0298000000,2014-08-23 11:48:00.000188+01,2014-08-23 11:48:00.000188+01
336,2013-07-22 09:07:00.000455+01,FDAX,1157,83,7847.0000000000,7850.5000000000,7852.5000000000,7847.0000000000,2014-08-23 11:48:00.000188+01,2014-08-23 11:48:00.000188+01
337,2013-07-22 09:07:00.000455+01,LFZ,277,20,6384.5000000000,6385.5000000000,6386.0000000000,6384.5000000000,2014-08-23 11:48:00.000188+01,2014-08-23 11:48:00.000188+01
338,2013-07-22 09:07:00.000455+01,EUR/GBP,349,8,0.8429000000,0.8433000000,0.8433000000,0.8429000000,2014-08-23 11:48:00.000188+01,2014-08-23 11:48:00.000188+01
339,2013-07-22 09:08:00.000085+01,6A,287,23,1.0299000000,1.0300000000,1.0300000000,1.0299000000,2014-08-23 11:48:00.000188+01,2014-08-23 11:48:00.000188+01
340,2013-07-22 09:08:00.000085+01,FDAX,545,28,7851.0000000000,7852.5000000000,7853.0000000000,7850.5000000000,2014-08-23 11:48:00.000188+01,2014-08-23 11:48:00.000188+01
341,2013-07-22 09:08:00.000085+01,LFZ,185,11,6385.0000000000,6385.0000000000,6385.0000000000,6384.5000000000,2014-08-23 11:48:00.000188+01,2014-08-23 11:48:00.000188+01
342,2013-07-22 09:08:00.000085+01,EUR/GBP,128,0,0.8432000000,0.8432000000,0.8432000000,0.8432000000,2014-08-23 11:48:00.000188+01,2014-08-23 11:48:00.000188+01
343,2013-07-22 09:09:00.000553+01,6A,747,68,1.0300000000,1.0299000000,1.0301000000,1.0299000000,2014-08-23 11:48:00.000188+01,2014-08-23 11:48:00.000188+01
344,2013-07-22 09:09:00.000553+01,FDAX,911,41,7853.0000000000,7851.5000000000,7853.5000000000,7850.0000000000,2014-08-23 11:48:00.000188+01,2014-08-23 11:48:00.000188+01
345,2013-07-22 09:09:00.000553+01,LFZ,327,20,6385.5000000000,6384.5000000000,6385.5000000000,6384.0000000000,2014-08-23 11:48:00.000188+01,2014-08-23 11:48:00.000188+01
346,2013-07-22 09:09:00.000553+01,EUR/GBP,202,5,0.8433000000,0.8433000000,0.8433000000,0.8433000000,2014-08-23 11:48:00.000188+01,2014-08-23 11:48:00.000188+01
347,2013-07-22 09:10:00.000723+01,6A,163,5,1.0300000000,1.0300000000,1.0300000000,1.0299000000,2014-08-23 11:48:00.000188+01,2014-08-23 11:48:00.000188+01
348,2013-07-22 09:10:00.000723+01,FDAX,908,70,7852.0000000000,7847.5000000000,7852.0000000000,7847.0000000000,2014-08-23 11:48:00.000188+01,2014-08-23 11:48:00.000188+01
349,2013-07-22 09:10:00.000723+01,LFZ,249,18,6384.5000000000,6385.0000000000,6385.5000000000,6384.5000000000,2014-08-23 11:48:00.000188+01,2014-08-23 11:48:00.000188+01
350,2013-07-22 09:10:00.000723+01,EUR/GBP,139,1,0.8432000000,0.8432000000,0.8432000000,0.8432000000,2014-08-23 11:48:00.000188+01,2014-08-23 11:48:00.000188+01
351,2013-07-22 09:11:00.000428+01,6A,376,32,1.0299000000,1.0299000000,1.0299000000,1.0298000000,2014-08-23 11:48:00.000188+01,2014-08-23 11:48:00.000188+01
352,2013-07-22 09:11:00.000428+01,FDAX,943,88,7847.5000000000,7846.5000000000,7847.5000000000,7845.0000000000,2014-08-23 11:48:00.000188+01,2014-08-23 11:48:00.000188+01
353,2013-07-22 09:11:00.000428+01,LFZ,191,19,6385.5000000000,6385.0000000000,6386.5000000000,6384.5000000000,2014-08-23 11:48:00.000188+01,2014-08-23 11:48:00.000188+01
354,2013-07-22 09:11:00.000428+01,EUR/GBP,106,5,0.8430000000,0.8429500000,0.8430000000,0.8429500000,2014-08-23 11:48:00.000188+01,2014-08-23 11:48:00.000188+01
355,2013-07-22 09:12:00.000548+01,6A,434,42,1.0300000000,1.0300000000,1.0300000000,1.0299000000,2014-08-23 11:48:00.000188+01,2014-08-23 11:48:00.000188+01
356,2013-07-22 09:12:00.000548+01,FDAX,889,44,7847.0000000000,7847.5000000000,7848.5000000000,7846.5000000000,2014-08-23 11:48:00.000188+01,2014-08-23 11:48:00.000188+01
357,2013-07-22 09:12:00.000548+01,LFZ,296,18,6385.5000000000,6385.5000000000,6386.5000000000,6385.5000000000,2014-08-23 11:48:00.000188+01,2014-08-23 11:48:00.000188+01
358,2013-07-22 09:12:00.000548+01,EUR/GBP,108,0,0.8430000000,0.8430000000,0.8430000000,0.8430000000,2014-08-23 11:48:00.000188+01,2014-08-23 11:48:00.000188+01
359,2013-07-22 09:13:00.000338+01,6A,269,10,1.0300000000,1.0300000000,1.0300000000,1.0300000000,2014-08-23 11:48:00.000188+01,2014-08-23 11:48:00.000188+01
360,2013-07-22 09:13:00.000338+01,FDAX,569,30,7847.5000000000,7849.0000000000,7849.5000000000,7847.5000000000,2014-08-23 11:48:00.000188+01,2014-08-23 11:48:00.000188+01
361,2013-07-22 09:13:00.000338+01,LFZ,105,8,6385.5000000000,6386.5000000000,6386.5000000000,6385.5000000000,2014-08-23 11:48:00.000188+01,2014-08-23 11:48:00.000188+01
362,2013-07-22 09:13:00.000338+01,EUR/GBP,134,0,0.8429250000,0.8429250000,0.8429250000,0.8429250000,2014-08-23 11:48:00.000188+01,2014-08-23 11:48:00.000188+01
363,2013-07-22 09:14:00.000429+01,6A,281,3,1.0299000000,1.0299000000,1.0299000000,1.0299000000,2014-08-23 11:48:00.000188+01,2014-08-23 11:48:00.000188+01
364,2013-07-22 09:14:00.000429+01,FDAX,704,42,7849.0000000000,7847.0000000000,7849.5000000000,7846.0000000000,2014-08-23 11:48:00.000188+01,2014-08-23 11:48:00.000188+01
365,2013-07-22 09:14:00.000429+01,LFZ,237,9,6386.0000000000,6384.5000000000,6386.0000000000,6384.5000000000,2014-08-23 11:48:00.000188+01,2014-08-23 11:48:00.000188+01
366,2013-07-22 09:14:00.000429+01,EUR/GBP,154,2,0.8431500000,0.8431000000,0.8431500000,0.8431000000,2014-08-23 11:48:00.000188+01,2014-08-23 11:48:00.000188+01
367,2013-07-22 09:15:00.000547+01,6A,244,15,1.0300000000,1.0300000000,1.0300000000,1.0300000000,2014-08-23 11:48:00.000188+01,2014-08-23 11:48:00.000188+01
368,2013-07-22 09:15:00.000547+01,FDAX,709,29,7847.5000000000,7849.0000000000,7849.5000000000,7847.0000000000,2014-08-23 11:48:00.000188+01,2014-08-23 11:48:00.000188+01
369,2013-07-22 09:15:00.000547+01,LFZ,179,14,6385.0000000000,6384.5000000000,6385.0000000000,6384.5000000000,2014-08-23 11:48:00.000188+01,2014-08-23 11:48:00.000188+01
370,2013-07-22 09:15:00.000547+01,EUR/GBP,108,0,0.8430750000,0.8430750000,0.8430750000,0.8430750000,2014-08-23 11:48:00.000188+01,2014-08-23 11:48:00.000188+01
371,2013-07-22 09:16:00.000558+01,6A,388,19,1.0300000000,1.0298000000,1.0300000000,1.0298000000,2014-08-23 11:48:00.000188+01,2014-08-23 11:48:00.000188+01
372,2013-07-22 09:16:00.000558+01,FDAX,557,33,7848.5000000000,7847.5000000000,7849.5000000000,7847.5000000000,2014-08-23 11:48:00.000188+01,2014-08-23 11:48:00.000188+01
373,2013-07-22 09:16:00.000558+01,LFZ,156,7,6384.0000000000,6384.0000000000,6385.0000000000,6384.0000000000,2014-08-23 11:48:00.000188+01,2014-08-23 11:48:00.000188+01
374,2013-07-22 09:16:00.000558+01,EUR/GBP,113,0,0.8432500000,0.8432500000,0.8432500000,0.8432500000,2014-08-23 11:48:00.000188+01,2014-08-23 11:48:00.000188+01
375,2013-07-22 09:17:00.000547+01,6A,244,11,1.0298000000,1.0298000000,1.0298000000,1.0297000000,2014-08-23 11:48:00.000188+01,2014-08-23 11:48:00.000188+01
376,2013-07-22 09:17:00.000547+01,FDAX,513,20,7847.5000000000,7847.5000000000,7848.5000000000,7847.0000000000,2014-08-23 11:48:00.000188+01,2014-08-23 11:48:00.000188+01
377,2013-07-22 09:17:00.000547+01,LFZ,100,5,6384.0000000000,6384.5000000000,6384.5000000000,6384.0000000000,2014-08-23 11:48:00.000188+01,2014-08-23 11:48:00.000188+01
378,2013-07-22 09:17:00.000547+01,EUR/GBP,147,2,0.8431000000,0.8430000000,0.8431000000,0.8430000000,2014-08-23 11:48:00.000188+01,2014-08-23 11:48:00.000188+01
379,2013-07-22 09:18:00.000427+01,6A,669,55,1.0297000000,1.0298000000,1.0298000000,1.0296000000,2014-08-23 11:48:00.000188+01,2014-08-23 11:48:00.000188+01
380,2013-07-22 09:18:00.000427+01,FDAX,977,63,7847.0000000000,7851.0000000000,7852.0000000000,7847.0000000000,2014-08-23 11:48:00.000188+01,2014-08-23 11:48:00.000188+01
381,2013-07-22 09:18:00.000427+01,LFZ,324,20,6384.5000000000,6386.0000000000,6386.0000000000,6384.0000000000,2014-08-23 11:48:00.000188+01,2014-08-23 11:48:00.000188+01
382,2013-07-22 09:18:00.000427+01,EUR/GBP,115,1,0.8428500000,0.8428500000,0.8428500000,0.8428500000,2014-08-23 11:48:00.000188+01,2014-08-23 11:48:00.000188+01
383,2013-07-22 09:19:00.00018+01,6A,446,36,1.0298000000,1.0298000000,1.0299000000,1.0298000000,2014-08-23 11:48:00.000188+01,2014-08-23 11:48:00.000188+01
384,2013-07-22 09:19:00.00018+01,FDAX,577,58,7851.5000000000,7854.0000000000,7854.0000000000,7851.0000000000,2014-08-23 11:48:00.000188+01,2014-08-23 11:48:00.000188+01
385,2013-07-22 09:19:00.00018+01,LFZ,198,13,6386.0000000000,6386.0000000000,6386.5000000000,6385.5000000000,2014-08-23 11:48:00.000188+01,2014-08-23 11:48:00.000188+01
386,2013-07-22 09:19:00.00018+01,EUR/GBP,53,0,0.8428750000,0.8428750000,0.8428750000,0.8428750000,2014-08-23 11:48:00.000188+01,2014-08-23 11:48:00.000188+01
387,2013-07-22 09:20:00.000457+01,6A,471,40,1.0297000000,1.0296000000,1.0298000000,1.0296000000,2014-08-23 11:48:00.000188+01,2014-08-23 11:48:00.000188+01
388,2013-07-22 09:20:00.000457+01,FDAX,972,39,7853.0000000000,7852.5000000000,7853.0000000000,7850.5000000000,2014-08-23 11:48:00.000188+01,2014-08-23 11:48:00.000188+01
389,2013-07-22 09:20:00.000457+01,LFZ,437,43,6385.5000000000,6386.0000000000,6387.5000000000,6385.5000000000,2014-08-23 11:48:00.000188+01,2014-08-23 11:48:00.000188+01
390,2013-07-22 09:20:00.000457+01,EUR/GBP,42,1,0.8429000000,0.8429000000,0.8429000000,0.8429000000,2014-08-23 11:48:00.000188+01,2014-08-23 11:48:00.000188+01
391,2013-07-22 09:21:00.000428+01,6A,349,13,1.0296000000,1.0297000000,1.0297000000,1.0296000000,2014-08-23 11:48:00.000188+01,2014-08-23 11:48:00.000188+01
392,2013-07-22 09:21:00.000428+01,FDAX,776,32,7852.5000000000,7851.0000000000,7853.5000000000,7851.0000000000,2014-08-23 11:48:00.000188+01,2014-08-23 11:48:00.000188+01
393,2013-07-22 09:21:00.000428+01,LFZ,178,7,6385.5000000000,6384.5000000000,6386.0000000000,6384.5000000000,2014-08-23 11:48:00.000188+01,2014-08-23 11:48:00.000188+01
394,2013-07-22 09:21:00.000428+01,EUR/GBP,180,5,0.8428000000,0.8428500000,0.8429000000,0.8427500000,2014-08-23 11:48:00.000188+01,2014-08-23 11:48:00.000188+01
395,2013-07-22 09:22:00.000467+01,6A,426,45,1.0296000000,1.0297000000,1.0297000000,1.0296000000,2014-08-23 11:48:00.000188+01,2014-08-23 11:48:00.000188+01
396,2013-07-22 09:22:00.000467+01,FDAX,984,68,7851.5000000000,7854.5000000000,7856.0000000000,7851.5000000000,2014-08-23 11:48:00.000188+01,2014-08-23 11:48:00.000188+01
397,2013-07-22 09:22:00.000467+01,LFZ,355,30,6384.5000000000,6386.0000000000,6386.0000000000,6384.5000000000,2014-08-23 11:48:00.000188+01,2014-08-23 11:48:00.000188+01
398,2013-07-22 09:22:00.000467+01,EUR/GBP,85,5,0.8429000000,0.8429500000,0.8429500000,0.8429000000,2014-08-23 11:48:00.000188+01,2014-08-23 11:48:00.000188+01
399,2013-07-22 09:23:00.000428+01,6A,397,32,1.0297000000,1.0296000000,1.0297000000,1.0296000000,2014-08-23 11:48:00.000188+01,2014-08-23 11:48:00.000188+01
400,2013-07-22 09:23:00.000428+01,FDAX,868,52,7854.0000000000,7851.5000000000,7855.0000000000,7851.0000000000,2014-08-23 11:48:00.000188+01,2014-08-23 11:48:00.000188+01
401,2013-07-22 09:23:00.000428+01,LFZ,274,13,6385.0000000000,6384.5000000000,6385.0000000000,6384.5000000000,2014-08-23 11:48:00.000188+01,2014-08-23 11:48:00.000188+01
402,2013-07-22 09:23:00.000428+01,EUR/GBP,50,2,0.8429500000,0.8429500000,0.8429500000,0.8429500000,2014-08-23 11:48:00.000188+01,2014-08-23 11:48:00.000188+01
403,2013-07-22 09:24:00.000456+01,6A,253,0,1.0296500000,1.0296500000,1.0296500000,1.0296500000,2014-08-23 11:48:00.000188+01,2014-08-23 11:48:00.000188+01
404,2013-07-22 09:24:00.000456+01,FDAX,646,33,7851.0000000000,7849.5000000000,7851.0000000000,7849.5000000000,2014-08-23 11:48:00.000188+01,2014-08-23 11:48:00.000188+01
405,2013-07-22 09:24:00.000456+01,LFZ,173,10,6384.0000000000,6384.0000000000,6384.5000000000,6384.0000000000,2014-08-23 11:48:00.000188+01,2014-08-23 11:48:00.000188+01
406,2013-07-22 09:24:00.000456+01,EUR/GBP,123,2,0.8427500000,0.8427500000,0.8427500000,0.8427500000,2014-08-23 11:48:00.000188+01,2014-08-23 11:48:00.000188+01
407,2013-07-22 09:25:00.000073+01,6A,655,29,1.0296000000,1.0296000000,1.0296000000,1.0296000000,2014-08-23 11:48:00.000188+01,2014-08-23 11:48:00.000188+01
408,2013-07-22 09:25:00.000073+01,FDAX,873,39,7849.5000000000,7848.5000000000,7852.0000000000,7848.5000000000,2014-08-23 11:48:00.000188+01,2014-08-23 11:48:00.000188+01
409,2013-07-22 09:25:00.000073+01,LFZ,359,38,6384.5000000000,6382.5000000000,6385.0000000000,6381.5000000000,2014-08-23 11:48:00.000188+01,2014-08-23 11:48:00.000188+01
410,2013-07-22 09:25:00.000073+01,EUR/GBP,103,5,0.8428000000,0.8428000000,0.8428500000,0.8428000000,2014-08-23 11:48:00.000188+01,2014-08-23 11:48:00.000188+01
411,2013-07-22 09:26:00.000552+01,6A,187,9,1.0296000000,1.0295000000,1.0296000000,1.0295000000,2014-08-23 11:48:00.000188+01,2014-08-23 11:48:00.000188+01
412,2013-07-22 09:26:00.000552+01,FDAX,1180,73,7848.5000000000,7846.5000000000,7850.5000000000,7845.5000000000,2014-08-23 11:48:00.000188+01,2014-08-23 11:48:00.000188+01
413,2013-07-22 09:26:00.000552+01,LFZ,423,37,6382.0000000000,6380.5000000000,6383.0000000000,6380.5000000000,2014-08-23 11:48:00.000188+01,2014-08-23 11:48:00.000188+01
414,2013-07-22 09:26:00.000552+01,EUR/GBP,119,5,0.8427500000,0.8426000000,0.8427500000,0.8426000000,2014-08-23 11:48:00.000188+01,2014-08-23 11:48:00.000188+01
415,2013-07-22 09:27:00.000555+01,6A,342,22,1.0295000000,1.0295000000,1.0295000000,1.0295000000,2014-08-23 11:48:00.000188+01,2014-08-23 11:48:00.000188+01
416,2013-07-22 09:27:00.000555+01,FDAX,1183,113,7845.5000000000,7844.5000000000,7845.5000000000,7843.0000000000,2014-08-23 11:48:00.000188+01,2014-08-23 11:48:00.000188+01
417,2013-07-22 09:27:00.000555+01,LFZ,520,47,6380.5000000000,6379.0000000000,6380.5000000000,6377.5000000000,2014-08-23 11:48:00.000188+01,2014-08-23 11:48:00.000188+01
418,2013-07-22 09:27:00.000555+01,EUR/GBP,161,2,0.8426000000,0.8425000000,0.8426000000,0.8425000000,2014-08-23 11:48:00.000188+01,2014-08-23 11:48:00.000188+01
419,2013-07-22 09:28:00.000545+01,6A,404,22,1.0295000000,1.0295000000,1.0296000000,1.0295000000,2014-08-23 11:48:00.000188+01,2014-08-23 11:48:00.000188+01
420,2013-07-22 09:28:00.000545+01,FDAX,1211,92,7845.0000000000,7842.5000000000,7845.5000000000,7841.0000000000,2014-08-23 11:48:00.000188+01,2014-08-23 11:48:00.000188+01
421,2013-07-22 09:28:00.000545+01,LFZ,498,42,6379.0000000000,6378.0000000000,6379.5000000000,6376.5000000000,2014-08-23 11:48:00.000188+01,2014-08-23 11:48:00.000188+01
422,2013-07-22 09:28:00.000545+01,EUR/GBP,119,3,0.8425500000,0.8425000000,0.8425500000,0.8425000000,2014-08-23 11:48:00.000188+01,2014-08-23 11:48:00.000188+01
423,2013-07-22 09:29:00.000556+01,6A,286,12,1.0296000000,1.0296000000,1.0296000000,1.0295000000,2014-08-23 11:48:00.000188+01,2014-08-23 11:48:00.000188+01
424,2013-07-22 09:29:00.000556+01,FDAX,971,51,7843.0000000000,7843.0000000000,7844.0000000000,7841.5000000000,2014-08-23 11:48:00.000188+01,2014-08-23 11:48:00.000188+01
425,2013-07-22 09:29:00.000556+01,LFZ,277,21,6378.5000000000,6380.0000000000,6380.5000000000,6378.5000000000,2014-08-23 11:48:00.000188+01,2014-08-23 11:48:00.000188+01
426,2013-07-22 09:29:00.000556+01,EUR/GBP,37,0,0.8423750000,0.8423750000,0.8423750000,0.8423750000,2014-08-23 11:48:00.000188+01,2014-08-23 11:48:00.000188+01
427,2013-07-22 09:30:00.00043+01,6A,478,47,1.0295000000,1.0296000000,1.0296000000,1.0295000000,2014-08-23 11:48:00.000188+01,2014-08-23 11:48:00.000188+01
428,2013-07-22 09:30:00.00043+01,FDAX,908,67,7843.0000000000,7845.0000000000,7845.5000000000,7842.5000000000,2014-08-23 11:48:00.000188+01,2014-08-23 11:48:00.000188+01
429,2013-07-22 09:30:00.00043+01,LFZ,229,22,6380.0000000000,6380.0000000000,6381.0000000000,6380.0000000000,2014-08-23 11:48:00.000188+01,2014-08-23 11:48:00.000188+01
430,2013-07-22 09:30:00.00043+01,EUR/GBP,65,1,0.8426000000,0.8426000000,0.8426000000,0.8426000000,2014-08-23 11:48:00.000188+01,2014-08-23 11:48:00.000188+01
431,2013-07-22 09:31:00.000545+01,6A,315,10,1.0295000000,1.0295000000,1.0295000000,1.0295000000,2014-08-23 11:48:00.000188+01,2014-08-23 11:48:00.000188+01
432,2013-07-22 09:31:00.000545+01,FDAX,632,47,7844.5000000000,7842.5000000000,7845.0000000000,7842.0000000000,2014-08-23 11:48:00.000188+01,2014-08-23 11:48:00.000188+01
433,2013-07-22 09:31:00.000545+01,LFZ,277,16,6379.5000000000,6378.0000000000,6379.5000000000,6378.0000000000,2014-08-23 11:48:00.000188+01,2014-08-23 11:48:00.000188+01
434,2013-07-22 09:31:00.000545+01,EUR/GBP,141,10,0.8425000000,0.8424000000,0.8425000000,0.8423500000,2014-08-23 11:48:00.000188+01,2014-08-23 11:48:00.000188+01
435,2013-07-22 09:32:00.000546+01,6A,310,13,1.0295000000,1.0295000000,1.0295000000,1.0294000000,2014-08-23 11:48:00.000188+01,2014-08-23 11:48:00.000188+01
436,2013-07-22 09:32:00.000546+01,FDAX,767,49,7843.0000000000,7844.0000000000,7844.0000000000,7841.5000000000,2014-08-23 11:48:00.000188+01,2014-08-23 11:48:00.000188+01
437,2013-07-22 09:32:00.000546+01,LFZ,302,29,6377.5000000000,6378.5000000000,6379.0000000000,6376.5000000000,2014-08-23 11:48:00.000188+01,2014-08-23 11:48:00.000188+01
438,2013-07-22 09:32:00.000546+01,EUR/GBP,124,4,0.8424000000,0.8422000000,0.8424000000,0.8422000000,2014-08-23 11:48:00.000188+01,2014-08-23 11:48:00.000188+01
439,2013-07-22 09:33:00.000428+01,6A,176,7,1.0296000000,1.0297000000,1.0297000000,1.0296000000,2014-08-23 11:48:00.000188+01,2014-08-23 11:48:00.000188+01
440,2013-07-22 09:33:00.000428+01,FDAX,907,52,7844.5000000000,7845.5000000000,7846.5000000000,7844.0000000000,2014-08-23 11:48:00.000188+01,2014-08-23 11:48:00.000188+01
441,2013-07-22 09:33:00.000428+01,LFZ,233,18,6378.5000000000,6379.5000000000,6380.0000000000,6378.5000000000,2014-08-23 11:48:00.000188+01,2014-08-23 11:48:00.000188+01
442,2013-07-22 09:33:00.000428+01,EUR/GBP,131,6,0.8421000000,0.8421000000,0.8421000000,0.8421000000,2014-08-23 11:48:00.000188+01,2014-08-23 11:48:00.000188+01
443,2013-07-22 09:34:00.000544+01,6A,504,20,1.0296000000,1.0295000000,1.0296000000,1.0295000000,2014-08-23 11:48:00.000188+01,2014-08-23 11:48:00.000188+01
444,2013-07-22 09:34:00.000544+01,FDAX,808,35,7845.5000000000,7845.5000000000,7846.5000000000,7844.0000000000,2014-08-23 11:48:00.000188+01,2014-08-23 11:48:00.000188+01
445,2013-07-22 09:34:00.000544+01,LFZ,301,18,6379.5000000000,6379.5000000000,6380.0000000000,6378.5000000000,2014-08-23 11:48:00.000188+01,2014-08-23 11:48:00.000188+01
446,2013-07-22 09:34:00.000544+01,EUR/GBP,124,4,0.8421000000,0.8419500000,0.8421000000,0.8419500000,2014-08-23 11:48:00.000188+01,2014-08-23 11:48:00.000188+01
447,2013-07-22 09:35:00.000546+01,6A,110,2,1.0294000000,1.0295000000,1.0295000000,1.0294000000,2014-08-23 11:48:00.000188+01,2014-08-23 11:48:00.000188+01
448,2013-07-22 09:35:00.000546+01,FDAX,575,22,7845.5000000000,7844.5000000000,7846.0000000000,7843.5000000000,2014-08-23 11:48:00.000188+01,2014-08-23 11:48:00.000188+01
449,2013-07-22 09:35:00.000546+01,LFZ,116,4,6380.0000000000,6378.5000000000,6380.0000000000,6378.5000000000,2014-08-23 11:48:00.000188+01,2014-08-23 11:48:00.000188+01
450,2013-07-22 09:35:00.000546+01,EUR/GBP,194,3,0.8418500000,0.8418000000,0.8418500000,0.8418000000,2014-08-23 11:48:00.000188+01,2014-08-23 11:48:00.000188+01
451,2013-07-22 09:36:00.000541+01,6A,83,3,1.0294000000,1.0295000000,1.0295000000,1.0294000000,2014-08-23 11:48:00.000188+01,2014-08-23 11:48:00.000188+01
452,2013-07-22 09:36:00.000541+01,FDAX,334,17,7844.5000000000,7846.0000000000,7846.0000000000,7844.5000000000,2014-08-23 11:48:00.000188+01,2014-08-23 11:48:00.000188+01
453,2013-07-22 09:36:00.000541+01,LFZ,106,16,6379.0000000000,6379.5000000000,6380.0000000000,6378.5000000000,2014-08-23 11:48:00.000188+01,2014-08-23 11:48:00.000188+01
454,2013-07-22 09:36:00.000541+01,EUR/GBP,98,1,0.8419000000,0.8419000000,0.8419000000,0.8419000000,2014-08-23 11:48:00.000188+01,2014-08-23 11:48:00.000188+01
455,2013-07-22 09:37:00.000428+01,6A,201,21,1.0295000000,1.0296000000,1.0296000000,1.0295000000,2014-08-23 11:48:00.000188+01,2014-08-23 11:48:00.000188+01
456,2013-07-22 09:37:00.000428+01,FDAX,574,15,7845.5000000000,7844.5000000000,7845.5000000000,7844.5000000000,2014-08-23 11:48:00.000188+01,2014-08-23 11:48:00.000188+01
457,2013-07-22 09:37:00.000428+01,LFZ,111,9,6379.5000000000,6379.5000000000,6379.5000000000,6379.0000000000,2014-08-23 11:48:00.000188+01,2014-08-23 11:48:00.000188+01
458,2013-07-22 09:37:00.000428+01,EUR/GBP,52,3,0.8420000000,0.8420000000,0.8420000000,0.8420000000,2014-08-23 11:48:00.000188+01,2014-08-23 11:48:00.000188+01
459,2013-07-22 09:38:00.000552+01,6A,155,13,1.0296000000,1.0296000000,1.0296000000,1.0295000000,2014-08-23 11:48:00.000188+01,2014-08-23 11:48:00.000188+01
460,2013-07-22 09:38:00.000552+01,FDAX,333,6,7844.5000000000,7845.0000000000,7845.5000000000,7844.0000000000,2014-08-23 11:48:00.000188+01,2014-08-23 11:48:00.000188+01
461,2013-07-22 09:38:00.000552+01,LFZ,124,4,6379.5000000000,6380.0000000000,6380.0000000000,6379.5000000000,2014-08-23 11:48:00.000188+01,2014-08-23 11:48:00.000188+01
462,2013-07-22 09:38:00.000552+01,EUR/GBP,70,1,0.8420000000,0.8420000000,0.8420000000,0.8420000000,2014-08-23 11:48:00.000188+01,2014-08-23 11:48:00.000188+01
463,2013-07-22 09:39:00.000428+01,6A,278,15,1.0296000000,1.0297000000,1.0297000000,1.0296000000,2014-08-23 11:48:00.000188+01,2014-08-23 11:48:00.000188+01
464,2013-07-22 09:39:00.000428+01,FDAX,420,28,7845.0000000000,7848.0000000000,7848.0000000000,7845.0000000000,2014-08-23 11:48:00.000188+01,2014-08-23 11:48:00.000188+01
465,2013-07-22 09:39:00.000428+01,LFZ,143,15,6380.5000000000,6381.5000000000,6381.5000000000,6380.5000000000,2014-08-23 11:48:00.000188+01,2014-08-23 11:48:00.000188+01
466,2013-07-22 09:39:00.000428+01,EUR/GBP,98,4,0.8419500000,0.8420500000,0.8420500000,0.8419500000,2014-08-23 11:48:00.000188+01,2014-08-23 11:48:00.000188+01
467,2013-07-22 09:40:00.00046+01,6A,305,15,1.0296000000,1.0298000000,1.0298000000,1.0296000000,2014-08-23 11:48:00.000188+01,2014-08-23 11:48:00.000188+01
468,2013-07-22 09:40:00.00046+01,FDAX,1264,100,7847.0000000000,7851.0000000000,7852.5000000000,7847.0000000000,2014-08-23 11:48:00.000188+01,2014-08-23 11:48:00.000188+01
469,2013-07-22 09:40:00.00046+01,LFZ,316,28,6381.5000000000,6384.0000000000,6384.0000000000,6381.5000000000,2014-08-23 11:48:00.000188+01,2014-08-23 11:48:00.000188+01
470,2013-07-22 09:40:00.00046+01,EUR/GBP,62,0,0.8421000000,0.8421000000,0.8421000000,0.8421000000,2014-08-23 11:48:00.000188+01,2014-08-23 11:48:00.000188+01
471,2013-07-22 09:41:00.000558+01,6A,249,25,1.0297000000,1.0297000000,1.0298000000,1.0297000000,2014-08-23 11:48:00.000188+01,2014-08-23 11:48:00.000188+01
472,2013-07-22 09:41:00.000558+01,FDAX,611,32,7851.0000000000,7850.5000000000,7852.5000000000,7850.5000000000,2014-08-23 11:48:00.000188+01,2014-08-23 11:48:00.000188+01
473,2013-07-22 09:41:00.000558+01,LFZ,160,11,6382.5000000000,6381.5000000000,6382.5000000000,6381.5000000000,2014-08-23 11:48:00.000188+01,2014-08-23 11:48:00.000188+01
474,2013-07-22 09:41:00.000558+01,EUR/GBP,99,1,0.8420000000,0.8420000000,0.8420000000,0.8420000000,2014-08-23 11:48:00.000188+01,2014-08-23 11:48:00.000188+01
475,2013-07-22 09:42:00.000427+01,6A,337,13,1.0297000000,1.0297000000,1.0298000000,1.0297000000,2014-08-23 11:48:00.000188+01,2014-08-23 11:48:00.000188+01
476,2013-07-22 09:42:00.000427+01,FDAX,696,32,7850.0000000000,7849.0000000000,7851.5000000000,7849.0000000000,2014-08-23 11:48:00.000188+01,2014-08-23 11:48:00.000188+01
477,2013-07-22 09:42:00.000427+01,LFZ,176,17,6381.0000000000,6381.5000000000,6381.5000000000,6381.0000000000,2014-08-23 11:48:00.000188+01,2014-08-23 11:48:00.000188+01
478,2013-07-22 09:42:00.000427+01,EUR/GBP,109,2,0.8419000000,0.8419000000,0.8419000000,0.8419000000,2014-08-23 11:48:00.000188+01,2014-08-23 11:48:00.000188+01
479,2013-07-22 09:43:00.000427+01,6A,275,14,1.0297000000,1.0298000000,1.0298000000,1.0297000000,2014-08-23 11:48:00.000188+01,2014-08-23 11:48:00.000188+01
480,2013-07-22 09:43:00.000427+01,FDAX,331,10,7849.0000000000,7849.0000000000,7849.0000000000,7848.0000000000,2014-08-23 11:48:00.000188+01,2014-08-23 11:48:00.000188+01
481,2013-07-22 09:43:00.000427+01,LFZ,191,14,6381.0000000000,6381.5000000000,6381.5000000000,6380.5000000000,2014-08-23 11:48:00.000188+01,2014-08-23 11:48:00.000188+01
482,2013-07-22 09:43:00.000427+01,EUR/GBP,54,0,0.8419750000,0.8419750000,0.8419750000,0.8419750000,2014-08-23 11:48:00.000188+01,2014-08-23 11:48:00.000188+01
483,2013-07-22 09:44:00.000276+01,6A,184,20,1.0297000000,1.0299000000,1.0299000000,1.0297000000,2014-08-23 11:48:00.000188+01,2014-08-23 11:48:00.000188+01
484,2013-07-22 09:44:00.000276+01,FDAX,189,6,7848.5000000000,7849.0000000000,7849.5000000000,7848.0000000000,2014-08-23 11:48:00.000188+01,2014-08-23 11:48:00.000188+01
485,2013-07-22 09:44:00.000276+01,LFZ,41,2,6381.5000000000,6381.5000000000,6381.5000000000,6381.5000000000,2014-08-23 11:48:00.000188+01,2014-08-23 11:48:00.000188+01
486,2013-07-22 09:44:00.000276+01,EUR/GBP,73,0,0.8420250000,0.8420250000,0.8420250000,0.8420250000,2014-08-23 11:48:00.000188+01,2014-08-23 11:48:00.000188+01
487,2013-07-22 09:45:00.000455+01,6A,225,11,1.0298000000,1.0298000000,1.0298000000,1.0298000000,2014-08-23 11:48:00.000188+01,2014-08-23 11:48:00.000188+01
488,2013-07-22 09:45:00.000455+01,FDAX,608,40,7849.0000000000,7846.5000000000,7849.0000000000,7846.0000000000,2014-08-23 11:48:00.000188+01,2014-08-23 11:48:00.000188+01
489,2013-07-22 09:45:00.000455+01,LFZ,236,21,6381.0000000000,6380.5000000000,6381.5000000000,6380.0000000000,2014-08-23 11:48:00.000188+01,2014-08-23 11:48:00.000188+01
490,2013-07-22 09:45:00.000455+01,EUR/GBP,71,3,0.8420000000,0.8420000000,0.8420000000,0.8420000000,2014-08-23 11:48:00.000188+01,2014-08-23 11:48:00.000188+01
491,2013-07-22 09:46:00.000541+01,6A,263,16,1.0298000000,1.0298000000,1.0298000000,1.0298000000,2014-08-23 11:48:00.000188+01,2014-08-23 11:48:00.000188+01
492,2013-07-22 09:46:00.000541+01,FDAX,586,30,7847.5000000000,7846.0000000000,7848.5000000000,7846.0000000000,2014-08-23 11:48:00.000188+01,2014-08-23 11:48:00.000188+01
493,2013-07-22 09:46:00.000541+01,LFZ,282,19,6381.0000000000,6381.5000000000,6382.5000000000,6381.0000000000,2014-08-23 11:48:00.000188+01,2014-08-23 11:48:00.000188+01
494,2013-07-22 09:46:00.000541+01,EUR/GBP,39,3,0.8421000000,0.8421000000,0.8421000000,0.8421000000,2014-08-23 11:48:00.000188+01,2014-08-23 11:48:00.000188+01
495,2013-07-22 09:47:00.000546+01,6A,373,32,1.0297000000,1.0297000000,1.0298000000,1.0297000000,2014-08-23 11:48:00.000188+01,2014-08-23 11:48:00.000188+01
496,2013-07-22 09:47:00.000546+01,FDAX,325,14,7847.0000000000,7845.5000000000,7847.0000000000,7845.5000000000,2014-08-23 11:48:00.000188+01,2014-08-23 11:48:00.000188+01
497,2013-07-22 09:47:00.000546+01,LFZ,104,13,6381.0000000000,6380.5000000000,6381.0000000000,6380.5000000000,2014-08-23 11:48:00.000188+01,2014-08-23 11:48:00.000188+01
498,2013-07-22 09:47:00.000546+01,EUR/GBP,17,2,0.8420500000,0.8420500000,0.8420500000,0.8420500000,2014-08-23 11:48:00.000188+01,2014-08-23 11:48:00.000188+01
499,2013-07-22 09:48:00.000081+01,6A,108,3,1.0297000000,1.0297000000,1.0297000000,1.0296000000,2014-08-23 11:48:00.000188+01,2014-08-23 11:48:00.000188+01
500,2013-07-22 09:48:00.000081+01,FDAX,445,23,7845.5000000000,7843.5000000000,7846.0000000000,7843.5000000000,2014-08-23 11:48:00.000188+01,2014-08-23 11:48:00.000188+01
501,2013-07-22 09:48:00.000081+01,LFZ,171,13,6380.0000000000,6379.5000000000,6380.0000000000,6379.0000000000,2014-08-23 11:48:00.000188+01,2014-08-23 11:48:00.000188+01
502,2013-07-22 09:48:00.000081+01,EUR/GBP,29,3,0.8420000000,0.8419500000,0.8420000000,0.8419500000,2014-08-23 11:48:00.000188+01,2014-08-23 11:48:00.000188+01
503,2013-07-22 09:49:00.000545+01,6A,392,20,1.0297000000,1.0296000000,1.0297000000,1.0296000000,2014-08-23 11:48:00.000188+01,2014-08-23 11:48:00.000188+01
504,2013-07-22 09:49:00.000545+01,FDAX,2418,273,7843.5000000000,7837.0000000000,7843.5000000000,7834.5000000000,2014-08-23 11:48:00.000188+01,2014-08-23 11:48:00.000188+01
505,2013-07-22 09:49:00.000545+01,LFZ,473,77,6379.0000000000,6377.0000000000,6379.0000000000,6377.0000000000,2014-08-23 11:48:00.000188+01,2014-08-23 11:48:00.000188+01
506,2013-07-22 09:49:00.000545+01,EUR/GBP,65,2,0.8419000000,0.8419000000,0.8419000000,0.8419000000,2014-08-23 11:48:00.000188+01,2014-08-23 11:48:00.000188+01
507,2013-07-22 09:50:00.000091+01,6A,167,5,1.0296000000,1.0296000000,1.0296000000,1.0295000000,2014-08-23 11:48:00.000188+01,2014-08-23 11:48:00.000188+01
508,2013-07-22 09:50:00.000091+01,FDAX,895,59,7836.5000000000,7837.5000000000,7838.0000000000,7836.0000000000,2014-08-23 11:48:00.000188+01,2014-08-23 11:48:00.000188+01
509,2013-07-22 09:50:00.000091+01,LFZ,168,16,6377.5000000000,6378.0000000000,6378.0000000000,6377.5000000000,2014-08-23 11:48:00.000188+01,2014-08-23 11:48:00.000188+01
510,2013-07-22 09:50:00.000091+01,EUR/GBP,63,1,0.8421500000,0.8421500000,0.8421500000,0.8421500000,2014-08-23 11:48:00.000188+01,2014-08-23 11:48:00.000188+01
511,2013-07-22 09:51:00.00009+01,6A,381,26,1.0296000000,1.0296000000,1.0297000000,1.0296000000,2014-08-23 11:48:00.000188+01,2014-08-23 11:48:00.000188+01
512,2013-07-22 09:51:00.00009+01,FDAX,1445,126,7838.0000000000,7831.5000000000,7838.0000000000,7830.5000000000,2014-08-23 11:48:00.000188+01,2014-08-23 11:48:00.000188+01
